INSERT INTO Department VALUES (200,'Law',NULL,NULL);
INSERT INTO Department VALUES (310,'Arabic Language And Literature',NULL,NULL);
INSERT INTO Department VALUES (320,'English Language And Literature',NULL,NULL);
INSERT INTO Department VALUES (330,'History',NULL,NULL);
INSERT INTO Department VALUES (360,'Philosophy',NULL,NULL);
INSERT INTO Department VALUES (380,'Mass Communication',NULL,NULL);
INSERT INTO Department VALUES (390,'French Language & Culture',NULL,NULL);
INSERT INTO Department VALUES (410,'Mathematics',NULL,NULL);
INSERT INTO Department VALUES (418,'Computer Science',NULL,NULL);
INSERT INTO Department VALUES (420,'Chemistry',NULL,NULL);
INSERT INTO Department VALUES (430,'Physics',NULL,NULL);
INSERT INTO Department VALUES (460,'Earth and Environmental Sciences',NULL,NULL);
INSERT INTO Department VALUES (464,'Marine Science',NULL,NULL);
INSERT INTO Department VALUES (480,'Statistics and Operations Research',NULL,NULL);
INSERT INTO Department VALUES (490,'Biological Sciences',NULL,NULL);
INSERT INTO Department VALUES (600,'Preliminary Engineering Studie',NULL,NULL);
INSERT INTO Department VALUES (610,'Electrical Engineering',NULL,NULL);
INSERT INTO Department VALUES (612,'Computer Engineering',NULL,NULL);
INSERT INTO Department VALUES (620,'Civil Engineering',NULL,NULL);
INSERT INTO Department VALUES (630,'Mechanical Engineering',NULL,NULL);
INSERT INTO Department VALUES (640,'Chemical Engineering',NULL,NULL);
INSERT INTO Department VALUES (650,'Petroleum Engineering',NULL,NULL);
INSERT INTO Department VALUES (660,'Industrial Engineering',NULL,NULL);
INSERT INTO Department VALUES (810,'Educational Planning & Administration',NULL,NULL);
INSERT INTO Department VALUES (820,'Educational Foundations',NULL,NULL);
INSERT INTO Department VALUES (830,'Educational Psychology',NULL,NULL);
INSERT INTO Department VALUES (840,'Curriculum and Instruction',NULL,NULL);
INSERT INTO Department VALUES (1011,'Management and Marketing',NULL,NULL);
INSERT INTO Department VALUES (1012,'Finance & Financial Institutions',NULL,NULL);
INSERT INTO Department VALUES (1013,'Information Systems and Operations Management',NULL,NULL);
INSERT INTO Department VALUES (1020,'Accounting',NULL,NULL);
INSERT INTO Department VALUES (1030,'Economics',NULL,NULL);
INSERT INTO Department VALUES (1060,'Public Adminstration',NULL,NULL);
INSERT INTO Department VALUES (1340,'Geography',NULL,NULL);
INSERT INTO Department VALUES (1350,'Psychology',NULL,NULL);
INSERT INTO Department VALUES (1360,'Political Sciences',NULL,NULL);
INSERT INTO Department VALUES (1370,'Sociology',NULL,NULL);
INSERT INTO Department VALUES (1380,'Information Studies',NULL,NULL);
INSERT INTO Department VALUES (1610,'Architecture',NULL,NULL);
INSERT INTO Department VALUES (1620,'Visual Communication and Interiors',NULL,NULL);
INSERT INTO Department VALUES (1810,'Communication Disorders',NULL,NULL);
INSERT INTO Department VALUES (1820,'Food Science and Nutrition',NULL,NULL);
INSERT INTO Department VALUES (1830,'Information Science',NULL,NULL);
INSERT INTO Department VALUES (1850,'Environmental Technology',NULL,NULL);
INSERT INTO Department VALUES (9988,'Language Center',NULL,NULL);

INSERT INTO Course VALUES (41091,'Pre-calculus',NULL,NULL,NULL);
INSERT INTO Course VALUES (410100,'Elementary Mathematics',NULL,NULL,NULL);
INSERT INTO Course VALUES (410101,'Calculus I',NULL,NULL,NULL);
INSERT INTO Course VALUES (410102,'Calculus II',NULL,NULL,NULL);
INSERT INTO Course VALUES (410103,'Biomathematics',NULL,NULL,NULL);
INSERT INTO Course VALUES (410105,'Applied Calculus',NULL,NULL,NULL);
INSERT INTO Course VALUES (410111,'Introductory Linear Algebra',NULL,NULL,NULL);
INSERT INTO Course VALUES (410115,'Finite Mathematics',NULL,NULL,NULL);
INSERT INTO Course VALUES (410211,'Calculus III',NULL,NULL,NULL);
INSERT INTO Course VALUES (410226,'Euclidean Plane Geometry',NULL,NULL,NULL);
INSERT INTO Course VALUES (410240,'Ordinary Differential Equations',NULL,NULL,NULL);
INSERT INTO Course VALUES (410250,'Introduction to the Foundations of Mathematics',NULL,NULL,NULL);
INSERT INTO Course VALUES (410261,'Introduction to Abstract Algebra I',NULL,NULL,NULL);
INSERT INTO Course VALUES (410262,'Introduction to Abstract Algebra II',NULL,NULL,NULL);
INSERT INTO Course VALUES (410313,'Applied Mathematical Analysis',NULL,NULL,NULL);
INSERT INTO Course VALUES (410315,'Mathematical Electromagnetic Theory',NULL,NULL,NULL);
INSERT INTO Course VALUES (410316,'Elements of Mathematical Modelling',NULL,NULL,NULL);
INSERT INTO Course VALUES (410325,'Combinatorics',NULL,NULL,NULL);
INSERT INTO Course VALUES (410326,'Graph Theory',NULL,NULL,NULL);
INSERT INTO Course VALUES (410327,'Theory of Numbers',NULL,NULL,NULL);
INSERT INTO Course VALUES (410329,'Introduction to Real Analysis',NULL,NULL,NULL);
INSERT INTO Course VALUES (410330,'Functions of Complex Variables',NULL,NULL,NULL);
INSERT INTO Course VALUES (410340,'Theory of Differential Equations',NULL,NULL,NULL);
INSERT INTO Course VALUES (410343,'Classical Mechanics',NULL,NULL,NULL);
INSERT INTO Course VALUES (410345,'Abstract Algebra',NULL,NULL,NULL);
INSERT INTO Course VALUES (410346,'Group Theory',NULL,NULL,NULL);
INSERT INTO Course VALUES (410352,'Numerical Analysis',NULL,NULL,NULL);
INSERT INTO Course VALUES (410354,'Methods in Applied Mathematics',NULL,NULL,NULL);
INSERT INTO Course VALUES (410355,'Operational Mathematics',NULL,NULL,NULL);
INSERT INTO Course VALUES (410361,'Theoretical Fluid Dynamics',NULL,NULL,NULL);
INSERT INTO Course VALUES (410362,'Computational Linear Algebra',NULL,NULL,NULL);
INSERT INTO Course VALUES (410363,'Advanced Linear Algebra',NULL,NULL,NULL);
INSERT INTO Course VALUES (410370,'Geometry I',NULL,NULL,NULL);
INSERT INTO Course VALUES (410375,'Introduction to Topology',NULL,NULL,NULL);
INSERT INTO Course VALUES (410401,'Analysis',NULL,NULL,NULL);
INSERT INTO Course VALUES (410402,'Set Theory',NULL,NULL,NULL);
INSERT INTO Course VALUES (410403,'Advanced Linesr Algebra',NULL,NULL,NULL);
INSERT INTO Course VALUES (410404,'Analysis of Functions of Several Variables',NULL,NULL,NULL);
INSERT INTO Course VALUES (410406,'Algebraic Coding Theory',NULL,NULL,NULL);
INSERT INTO Course VALUES (410407,'Tensor Analysis',NULL,NULL,NULL);
INSERT INTO Course VALUES (410408,'Topology',NULL,NULL,NULL);
INSERT INTO Course VALUES (410409,'Geometry II',NULL,NULL,NULL);
INSERT INTO Course VALUES (410410,'Theory of Relativity',NULL,NULL,NULL);
INSERT INTO Course VALUES (410412,'Theory of Elasticity',NULL,NULL,NULL);
INSERT INTO Course VALUES (410415,'Partial Differential Equations',NULL,NULL,NULL);
INSERT INTO Course VALUES (410416,'Mathematical Modelling',NULL,NULL,NULL);
INSERT INTO Course VALUES (410420,'Introduction to Dynamical Systems and Chaos',NULL,NULL,NULL);
INSERT INTO Course VALUES (410438,'Applications of Graph Theory',NULL,NULL,NULL);
INSERT INTO Course VALUES (410440,'Integral Equations',NULL,NULL,NULL);
INSERT INTO Course VALUES (410450,'Ring Theory',NULL,NULL,NULL);
INSERT INTO Course VALUES (410454,'Advanced Methods in Applied Mathematics',NULL,NULL,NULL);
INSERT INTO Course VALUES (410468,'Numerical Ordinary Differential Equations',NULL,NULL,NULL);
INSERT INTO Course VALUES (410469,'Numerical Partial Differential Equations',NULL,NULL,NULL);
INSERT INTO Course VALUES (410470,'Calculus of Variations',NULL,NULL,NULL);
INSERT INTO Course VALUES (410480,'Differential Geometry',NULL,NULL,NULL);
INSERT INTO Course VALUES (410481,'Functional Analysis',NULL,NULL,NULL);
INSERT INTO Course VALUES (410485,'Finite Planes',NULL,NULL,NULL);
INSERT INTO Course VALUES (410495,'Mathematical Logic',NULL,NULL,NULL);
INSERT INTO Course VALUES (418106,'Fortran',NULL,NULL,NULL);
INSERT INTO Course VALUES (418108,'Computers and their Applications',NULL,NULL,NULL);
INSERT INTO Course VALUES (418111,'Discrete Mathematics',NULL,NULL,NULL);
INSERT INTO Course VALUES (418123,'Introduction to Computers',NULL,NULL,NULL);
INSERT INTO Course VALUES (418126,'Computer Programming',NULL,NULL,NULL);
INSERT INTO Course VALUES (418141,'Computer Programming I',NULL,NULL,NULL);
INSERT INTO Course VALUES (418142,'Computer Programming II',NULL,NULL,NULL);
INSERT INTO Course VALUES (418201,'Data Structures and Algorithms',NULL,NULL,NULL);
INSERT INTO Course VALUES (418211,'Theory of Computation I',NULL,NULL,NULL);
INSERT INTO Course VALUES (418220,'Programming in C and UNIX',NULL,NULL,NULL);
INSERT INTO Course VALUES (418221,'Computer Systems',NULL,NULL,NULL);
INSERT INTO Course VALUES (418222,'Systems Programming Laboratory',NULL,NULL,NULL);
INSERT INTO Course VALUES (418223,'Systems Programming',NULL,NULL,NULL);
INSERT INTO Course VALUES (418301,'Algorithm Design and Analysis',NULL,NULL,NULL);
INSERT INTO Course VALUES (418311,'Numerical Computation',NULL,NULL,NULL);
INSERT INTO Course VALUES (418315,'Theory of Computation II',NULL,NULL,NULL);
INSERT INTO Course VALUES (418321,'Operating Systems',NULL,NULL,NULL);
INSERT INTO Course VALUES (418322,'Computer Architecture',NULL,NULL,NULL);
INSERT INTO Course VALUES (418331,'Computer Network',NULL,NULL,NULL);
INSERT INTO Course VALUES (418335,'Web Programming',NULL,NULL,NULL);
INSERT INTO Course VALUES (418346,'Declarative Programming',NULL,NULL,NULL);
INSERT INTO Course VALUES (418347,'Compiler Design',NULL,NULL,NULL);
INSERT INTO Course VALUES (418365,'Artificial Intelligence',NULL,NULL,NULL);
INSERT INTO Course VALUES (418390,'Software Engineering',NULL,NULL,NULL);
INSERT INTO Course VALUES (418391,'Fundamentals of Cloud Computing',NULL,NULL,NULL);
INSERT INTO Course VALUES (418415,'Information Theory and Cryptography',NULL,NULL,NULL);
INSERT INTO Course VALUES (418416,'Modeling and Performance Evaluation',NULL,NULL,NULL);
INSERT INTO Course VALUES (418425,'Distributed and Parallel Systems',NULL,NULL,NULL);
INSERT INTO Course VALUES (418426,'Embedded Microprocessor Systems',NULL,NULL,NULL);
INSERT INTO Course VALUES (418427,'Computer Security and Privacy',NULL,NULL,NULL);
INSERT INTO Course VALUES (418455,'Computer Graphics',NULL,NULL,NULL);
INSERT INTO Course VALUES (418466,'Introduction to Machine Learning',NULL,NULL,NULL);
INSERT INTO Course VALUES (418470,'Database Systems',NULL,NULL,NULL);
INSERT INTO Course VALUES (418475,'Distributed Database Systems',NULL,NULL,NULL);
INSERT INTO Course VALUES (418490,'Project',NULL,NULL,NULL);
INSERT INTO Course VALUES (418491,'Capstone Project I',NULL,NULL,NULL);
INSERT INTO Course VALUES (418492,'Capstone Project II',NULL,NULL,NULL);
INSERT INTO Course VALUES (418496,'Topics in Computer Science I',NULL,NULL,NULL);
INSERT INTO Course VALUES (418497,'Topics in Computer Science II',NULL,NULL,NULL);
INSERT INTO Course VALUES (1830101,'Introduction to IS',NULL,NULL,NULL);
INSERT INTO Course VALUES (1830115,'Computing Foundations',NULL,NULL,NULL);
INSERT INTO Course VALUES (1830210,'Computational Methods',NULL,NULL,NULL);
INSERT INTO Course VALUES (1830240,'Programming & Problem Solving',NULL,NULL,NULL);
INSERT INTO Course VALUES (1830241,'Data Structures',NULL,NULL,NULL);
INSERT INTO Course VALUES (1830253,'Technical Writing',NULL,NULL,NULL);
INSERT INTO Course VALUES (1830321,'Database Systems I',NULL,NULL,NULL);
INSERT INTO Course VALUES (1830331,'IS Theory & Practice',NULL,NULL,NULL);
INSERT INTO Course VALUES (1830340,'Web Programsming',NULL,NULL,NULL);
INSERT INTO Course VALUES (1830350,'Networks & Telecommunication',NULL,NULL,NULL);
INSERT INTO Course VALUES (1830353,'Information Security Systems',NULL,NULL,NULL);
INSERT INTO Course VALUES (1830357,'Operating Systems & File System Organization',NULL,NULL,NULL);
INSERT INTO Course VALUES (1830363,'Computer Organization',NULL,NULL,NULL);
INSERT INTO Course VALUES (1830380,'Introduction to Management IS',NULL,NULL,NULL);
INSERT INTO Course VALUES (1830423,'Internet Databases',NULL,NULL,NULL);
INSERT INTO Course VALUES (1830440,'Web Programming II',NULL,NULL,NULL);
INSERT INTO Course VALUES (1830470,'Multimedia Design & Scripting',NULL,NULL,NULL);
INSERT INTO Course VALUES (1830471,'Interactive 3D Graphics Modeling',NULL,NULL,NULL);
INSERT INTO Course VALUES (1830472,'Introduction to VRML',NULL,NULL,NULL);
INSERT INTO Course VALUES (1830475,'Geographical Information Systems',NULL,NULL,NULL);
INSERT INTO Course VALUES (1830480,'IS Development',NULL,NULL,NULL);
INSERT INTO Course VALUES (1830482,'Web Management',NULL,NULL,NULL);
INSERT INTO Course VALUES (1830495,'Internship',NULL,NULL,NULL);
INSERT INTO Course VALUES (1830499,'Capstone Project',NULL,NULL,NULL);

INSERT INTO Employee VALUES (1,'Adel','Aljomah',NULL,'Faculty','Assistant Professor',2.714285714,2.357142857,2.642857142,418);
INSERT INTO Employee VALUES (2,'Ayman','Alawadhi','https://www.cs.ku.edu.kw/wp-content/uploads/2020/04/Ayman-copy.jpg','Faculty','Assistant Professor',NULL,NULL,NULL,418);
INSERT INTO Employee VALUES (3,'Bader','Albader','https://www.cs.ku.edu.kw/wp-content/uploads/2020/07/Bader_Al-Bader.jpg','Faculty','Assistant Professor',NULL,NULL,NULL,418);
INSERT INTO Employee VALUES (4,'Bader','Albdaiwi','https://www.cs.ku.edu.kw/wp-content/uploads/2020/04/bader-copy.jpeg','Faculty','Professor',NULL,NULL,NULL,418);
INSERT INTO Employee VALUES (5,'Fawaz','Alazemi','https://www.cs.ku.edu.kw/wp-content/uploads/2020/04/fawaz.jpg','Faculty','Assistant Professor',4.291666666,4.541666666,4.208333333,418);
INSERT INTO Employee VALUES (6,'Hamdi','Yahyaoui','https://www.cs.ku.edu.kw/wp-content/uploads/2020/04/Hamdi.jpg','Faculty','Associate Professor',3.7,3.7,3.15,418);
INSERT INTO Employee VALUES (7,'Hamid','Alhamadi','https://www.cs.ku.edu.kw/wp-content/uploads/2020/04/hamid.png','Faculty','Associate Professor',3.875,3.625,2.9375,418);
INSERT INTO Employee VALUES (8,'Hazem','Raafat','https://www.cs.ku.edu.kw/wp-content/uploads/2020/04/hazem-copy.jpeg','Faculty','Professor',2.235294117,1.764705882,2.588235294,418);
INSERT INTO Employee VALUES (9,'Hosam','AboElfotoh','https://www.cs.ku.edu.kw/wp-content/uploads/2020/07/Hossam.jpg','Faculty','Associate Professor',2.105263157,2.157894736,4.315789473,418);
INSERT INTO Employee VALUES (10,'Husain','Ibraheem','https://www.cs.ku.edu.kw/wp-content/uploads/2020/04/husain-copy.jpg','Faculty','Assistant Professor',3.684210526,3.894736842,3.894736842,418);
INSERT INTO Employee VALUES (11,'Hussain','Almohri','https://www.cs.ku.edu.kw/wp-content/uploads/2020/04/almohri-copy.png','Faculty','Associate Professor',4.538461538,4.846153846,3.692307692,418);
INSERT INTO Employee VALUES (12,'Khalil','Abdullah','https://www.cs.ku.edu.kw/wp-content/uploads/2020/07/Khalil.jpg','Faculty','Assistant Professor',2.166666666,1.666666666,3.166666666,418);
INSERT INTO Employee VALUES (13,'Maha','Alabduljaleel','https://www.cs.ku.edu.kw/wp-content/uploads/2020/04/maha.jpeg','Faculty','Assistant Professor',2.75,2.25,3.45,418);
INSERT INTO Employee VALUES (14,'Mansour','Abdulaziz','https://www.cs.ku.edu.kw/wp-content/uploads/2020/04/m1.jpg','Faculty','Assistant Professor',3.722222222,4.166666666,3.833333333,418);
INSERT INTO Employee VALUES (15,'Mohammad','Almutawa','https://www.cs.ku.edu.kw/wp-content/uploads/2020/04/almutawa.jpg','Faculty','Assistant Professor',4.388888888,4.111111111,2.833333333,418);
INSERT INTO Employee VALUES (16,'Mohammad','Rashed Almulla','https://www.cs.ku.edu.kw/wp-content/uploads/2020/04/Almulla-R-1.jpg','Faculty','Assistant Professor',NULL,NULL,NULL,418);
INSERT INTO Employee VALUES (17,'Mohammad','Smaoui','https://www.cs.ku.edu.kw/wp-content/uploads/2020/04/samaoui-copy.jpg','Faculty','Assistant Professor',4.857142857,4.785714285,2.642857142,418);
INSERT INTO Employee VALUES (18,'Mohammed','Ali Almulla','https://www.cs.ku.edu.kw/wp-content/uploads/2020/04/almulla.jpg','Faculty','Professor',1.538461538,1.307692307,3.384615384,418);
INSERT INTO Employee VALUES (19,'Naser','AlDuaij','https://www.cs.ku.edu.kw/wp-content/uploads/2020/08/NaserAlDuaij.jpg','Faculty','Assistant Professor',3.947368421,3.842105263,3.947368421,418);
INSERT INTO Employee VALUES (20,'Salman','Aladwani',NULL,'Faculty','Assistant Professor',NULL,NULL,NULL,418);
INSERT INTO Employee VALUES (21,'Saud','Aldarmi','https://www.cs.ku.edu.kw/wp-content/uploads/2020/10/Saud-1.jpg','Faculty','Assistant Professor',NULL,NULL,NULL,418);
INSERT INTO Employee VALUES (22,'Zaid','Hussain','https://www.cs.ku.edu.kw/wp-content/uploads/2020/04/zaid.jpg','Faculty','Associate Professor',4.066666666,4.066666666,3.266666666,418);
INSERT INTO Employee VALUES (23,'Ali','Alshammeri',NULL,'Teaching Assistant',NULL,NULL,NULL,NULL,418);
INSERT INTO Employee VALUES (24,'Amani','Alshaher',NULL,'Teaching Assistant',NULL,NULL,NULL,NULL,418);
INSERT INTO Employee VALUES (25,'Amro','Khattab',NULL,'Teaching Assistant',NULL,NULL,NULL,NULL,418);
INSERT INTO Employee VALUES (26,'Asmaa','Alotaibi',NULL,'Teaching Assistant',NULL,NULL,NULL,NULL,418);
INSERT INTO Employee VALUES (27,'Fatma','Albdaiwi',NULL,'Teaching Assistant',NULL,NULL,NULL,NULL,418);
INSERT INTO Employee VALUES (28,'Galal','Elhusseini',NULL,'Teaching Assistant',NULL,NULL,NULL,NULL,418);
INSERT INTO Employee VALUES (29,'Lulwa','Alshebeeb',NULL,'Teaching Assistant',NULL,NULL,NULL,NULL,418);
INSERT INTO Employee VALUES (30,'Mahammad','Suoud',NULL,'Teaching Assistant',NULL,NULL,NULL,NULL,418);
INSERT INTO Employee VALUES (31,'Nourah','Alateeqi',NULL,'Teaching Assistant',NULL,NULL,NULL,NULL,418);
INSERT INTO Employee VALUES (32,'Rena','Alzaid',NULL,'Teaching Assistant',NULL,NULL,NULL,NULL,418);
INSERT INTO Employee VALUES (33,'Sulaiman','Alkhazi',NULL,'Teaching Assistant',NULL,NULL,NULL,NULL,418);
INSERT INTO Employee VALUES (34,'Abbas','Fairouz',NULL,'Faculty','Assistant Professor',NULL,NULL,NULL,612);
INSERT INTO Employee VALUES (35,'Abdulaziz','Boujarwah',NULL,'Faculty','Associate Professor',NULL,NULL,NULL,612);
INSERT INTO Employee VALUES (36,'Abdullah','Almutawa',NULL,'Faculty','Associate Professor',NULL,NULL,NULL,612);
INSERT INTO Employee VALUES (37,'Abdullah','Alshaibani',NULL,'Faculty','Assistant Professor',NULL,NULL,NULL,612);
INSERT INTO Employee VALUES (38,'Ameer','Mohammed',NULL,'Faculty','Assistant Professor',NULL,NULL,NULL,612);
INSERT INTO Employee VALUES (39,'Ammar','Alhusaini',NULL,'Faculty','Assistant Professor',NULL,NULL,NULL,612);
INSERT INTO Employee VALUES (40,'Anastasios','Dimitriou',NULL,'Faculty','Professor',NULL,NULL,NULL,612);
INSERT INTO Employee VALUES (41,'Anwar','Alyatama',NULL,'Faculty','Professor',NULL,NULL,NULL,612);
INSERT INTO Employee VALUES (42,'Asaad','Alrashed',NULL,'Faculty','Professor',NULL,NULL,NULL,612);
INSERT INTO Employee VALUES (43,'Asmaa','Alsumait',NULL,'Faculty','Associate Professor',NULL,NULL,NULL,612);
INSERT INTO Employee VALUES (44,'Ayed','Salman',NULL,'Faculty','Professor',NULL,NULL,NULL,612);
INSERT INTO Employee VALUES (45,'Buthainah','Alkazemi',NULL,'Faculty','Assistant Professor',NULL,NULL,NULL,612);
INSERT INTO Employee VALUES (46,'Ebrahim','Alrashed',NULL,'Faculty','Associate Professor',NULL,NULL,NULL,612);
INSERT INTO Employee VALUES (47,'Eman','Alotaibi',NULL,'Faculty','Assistant Professor',NULL,NULL,NULL,612);
INSERT INTO Employee VALUES (48,'Faridah','Ali',NULL,'Faculty','Assistant Professor',NULL,NULL,NULL,612);
INSERT INTO Employee VALUES (49,'Fatma','Alali',NULL,'Faculty','Assistant Professor',NULL,NULL,NULL,612);
INSERT INTO Employee VALUES (50,'Fawaz','Alanzi',NULL,'Faculty','Professor',NULL,NULL,NULL,612);
INSERT INTO Employee VALUES (51,'Hamed','Alazmi',NULL,'Faculty','Professor',NULL,NULL,NULL,612);
INSERT INTO Employee VALUES (52,'Imtiaz','Ahmed',NULL,'Faculty','Professor',NULL,NULL,NULL,612);
INSERT INTO Employee VALUES (53,'Jassim','Aljuraidan',NULL,'Faculty','Assistant Professor',NULL,NULL,NULL,612);
INSERT INTO Employee VALUES (54,'Khaled','Alsaqabi',NULL,'Faculty','Associate Professor',NULL,NULL,NULL,612);
INSERT INTO Employee VALUES (55,'Khaled','Alzamel',NULL,'Faculty','Assistant Professor',NULL,NULL,NULL,612);
INSERT INTO Employee VALUES (56,'Khaled','Hadi',NULL,'Faculty','Assistant Professor',NULL,NULL,NULL,612);
INSERT INTO Employee VALUES (57,'Lulwa','Alhubail',NULL,'Faculty','Assistant Professor',NULL,NULL,NULL,612);
INSERT INTO Employee VALUES (58,'Maha','Faisal',NULL,'Faculty','Assistant Professor',NULL,NULL,NULL,612);
INSERT INTO Employee VALUES (59,'Mahmoud','Bennaser',NULL,'Faculty','Assistant Professor',NULL,NULL,NULL,612);
INSERT INTO Employee VALUES (60,'Mansour','Jaragh',NULL,'Faculty','Associate Professor',NULL,NULL,NULL,612);
INSERT INTO Employee VALUES (61,'Maytham','Safar',NULL,'Faculty','Professor',NULL,NULL,NULL,612);
INSERT INTO Employee VALUES (62,'Mehmet','Karaata',NULL,'Faculty','Professor',NULL,NULL,NULL,612);
INSERT INTO Employee VALUES (63,'Mohammad','Alfailakawi',NULL,'Faculty','Associate Professor',NULL,NULL,NULL,612);
INSERT INTO Employee VALUES (64,'Mohammad','Alkandari',NULL,'Faculty','Assistant Professor',NULL,NULL,NULL,612);
INSERT INTO Employee VALUES (65,'Mohammad','Allaho',NULL,'Faculty','Assistant Professor',NULL,NULL,NULL,612);
INSERT INTO Employee VALUES (66,'Mohammad','Alshayeji',NULL,'Faculty','Associate Professor',NULL,NULL,NULL,612);
INSERT INTO Employee VALUES (67,'Mohammad','Awad',NULL,'Faculty','Associate Professor',NULL,NULL,NULL,612);
INSERT INTO Employee VALUES (68,'Mohammad','Jeragh',NULL,'Faculty','Assistant Professor',NULL,NULL,NULL,612);
INSERT INTO Employee VALUES (69,'Munirah','Almatouq',NULL,'Faculty','Assistant Professor',NULL,NULL,NULL,612);
INSERT INTO Employee VALUES (70,'Reem','Albaghli',NULL,'Faculty','Assistant Professor',NULL,NULL,NULL,612);
INSERT INTO Employee VALUES (71,'Sabah','Alfedaghi',NULL,'Faculty','Associate Professor',NULL,NULL,NULL,612);
INSERT INTO Employee VALUES (72,'Saeed','Abed',NULL,'Faculty','Associate Professor',NULL,NULL,NULL,612);
INSERT INTO Employee VALUES (73,'Sami','Habib',NULL,'Faculty','Professor',NULL,NULL,NULL,612);
INSERT INTO Employee VALUES (74,'Shouq','Alsubaihi',NULL,'Faculty','Assistant Professor',NULL,NULL,NULL,612);
INSERT INTO Employee VALUES (75,'Sobeeh','Almukhaizim',NULL,'Faculty','Associate Professor',NULL,NULL,NULL,612);
INSERT INTO Employee VALUES (76,'Sultan','Alharbi',NULL,'Faculty','Assistant Professor',NULL,NULL,NULL,612);
INSERT INTO Employee VALUES (77,'Abdullah','Almutairi',NULL,'Faculty','Assistant Professor',NULL,NULL,NULL,1830);
INSERT INTO Employee VALUES (78,'Aseel','Almonaies',NULL,'Faculty','Assistant Professor',NULL,NULL,NULL,1830);
INSERT INTO Employee VALUES (79,'Bader','Ali',NULL,'Faculty','Assistant Professor',NULL,NULL,NULL,1830);
INSERT INTO Employee VALUES (80,'Bader','Alkhazi',NULL,'Faculty','Assistant Professor',NULL,NULL,NULL,1830);
INSERT INTO Employee VALUES (81,'Dari','Alhuwail',NULL,'Faculty','Associate Professor',NULL,NULL,NULL,1830);
INSERT INTO Employee VALUES (82,'Eiman','Alshammari',NULL,'Faculty','Assistant Professor',NULL,NULL,NULL,1830);
INSERT INTO Employee VALUES (83,'Fatemah','Husain',NULL,'Faculty','Assistant Professor',NULL,NULL,NULL,1830);
INSERT INTO Employee VALUES (84,'Fatima','Boujarwah',NULL,'Faculty','Assistant Professor',NULL,NULL,NULL,1830);
INSERT INTO Employee VALUES (85,'Hanady','Abdulsalam',NULL,'Faculty','Associate Professor',NULL,NULL,NULL,1830);
INSERT INTO Employee VALUES (86,'Helal','Alhammadi',NULL,'Faculty','Associate Professor',NULL,NULL,NULL,1830);
INSERT INTO Employee VALUES (87,'Kalim','Qureshi',NULL,'Faculty','Associate Professor',NULL,NULL,NULL,1830);
INSERT INTO Employee VALUES (88,'Kassem','Saleh',NULL,'Faculty','Professor',NULL,NULL,NULL,1830);
INSERT INTO Employee VALUES (89,'Loulwah','Alsumait',NULL,'Faculty','Assistant Professor',NULL,NULL,NULL,1830);
INSERT INTO Employee VALUES (90,'Naelah','Aldabbous',NULL,'Faculty','Assistant Professor',NULL,NULL,NULL,1830);
INSERT INTO Employee VALUES (91,'Omar','Alibrahim',NULL,'Faculty','Assistant Professor',NULL,NULL,NULL,1830);
INSERT INTO Employee VALUES (92,'Paul','Manuel',NULL,'Faculty','Professor',NULL,NULL,NULL,1830);
INSERT INTO Employee VALUES (93,'Ranya','Alawadhi',NULL,'Faculty','Assistant Professor',NULL,NULL,NULL,1830);
INSERT INTO Employee VALUES (94,'Safaa','Zaman',NULL,'Faculty','Assistant Professor',NULL,NULL,NULL,1830);
INSERT INTO Employee VALUES (95,'Sana','Buhamra',NULL,'Faculty','Professor',NULL,NULL,NULL,1830);
INSERT INTO Employee VALUES (96,'Shaikha','Alduaij',NULL,'Faculty','Assistant Professor',NULL,NULL,NULL,1830);
INSERT INTO Employee VALUES (97,'Zahraa','Marafie',NULL,'Faculty','Assistant Professor',NULL,NULL,NULL,1830);
INSERT INTO Employee VALUES (98,'Zainab','Aljazzaf',NULL,'Faculty','Assistant Professor',NULL,NULL,NULL,1830);
INSERT INTO Employee VALUES (99,'Zainab','Almeraj',NULL,'Faculty','Assistant Professor',NULL,NULL,NULL,1830);
INSERT INTO Employee VALUES (100,'Aisha','Al-Houti',NULL,'Teaching Assistant',NULL,NULL,NULL,NULL,1830);
INSERT INTO Employee VALUES (101,'Altaf','Al-Farhan',NULL,'Teaching Assistant',NULL,NULL,NULL,NULL,1830);
INSERT INTO Employee VALUES (102,'Aseel','Al-Qemlas',NULL,'Teaching Assistant',NULL,NULL,NULL,NULL,1830);
INSERT INTO Employee VALUES (103,'Eman','Al-Roumi',NULL,'Teaching Assistant',NULL,NULL,NULL,NULL,1830);
INSERT INTO Employee VALUES (104,'Fatma','Al-Rashed',NULL,'Teaching Assistant',NULL,NULL,NULL,NULL,1830);
INSERT INTO Employee VALUES (105,'Heba','Al-Turki',NULL,'Teaching Assistant',NULL,NULL,NULL,NULL,1830);
INSERT INTO Employee VALUES (106,'Latifa','Salem',NULL,'Teaching Assistant',NULL,NULL,NULL,NULL,1830);
INSERT INTO Employee VALUES (107,'Maryam','Alotaibi',NULL,'Teaching Assistant',NULL,NULL,NULL,NULL,1830);
INSERT INTO Employee VALUES (108,'Sabah','Al-Madani',NULL,'Teaching Assistant',NULL,NULL,NULL,NULL,1830);
INSERT INTO Employee VALUES (109,'Hani','Farran',NULL,'Faculty','Professor',NULL,NULL,NULL,410);
INSERT INTO Employee VALUES (110,'Ismail','Taqi',NULL,'Faculty','Professor',NULL,NULL,NULL,410);
INSERT INTO Employee VALUES (111,'Marian','Deaconescu',NULL,'Faculty','Professor',NULL,NULL,NULL,410);
INSERT INTO Employee VALUES (112,'Michael','Johnson',NULL,'Faculty','Professor',NULL,NULL,NULL,410);
INSERT INTO Employee VALUES (113,'Nejib','Smaoui',NULL,'Faculty','Professor',NULL,NULL,NULL,410);
INSERT INTO Employee VALUES (114,'Salem','AlYaqoub',NULL,'Faculty','Professor',NULL,NULL,NULL,410);
INSERT INTO Employee VALUES (115,'Abdullah','Alazemi',NULL,'Faculty','Associate Professor',NULL,NULL,NULL,410);
INSERT INTO Employee VALUES (116,'Ahmad','Karaballi',NULL,'Faculty','Associate Professor',NULL,NULL,NULL,410);
INSERT INTO Employee VALUES (117,'Albert','Borbely',NULL,'Faculty','Associate Professor',NULL,NULL,NULL,410);
INSERT INTO Employee VALUES (118,'Ali ','Kanso',NULL,'Faculty','Associate Professor',NULL,NULL,NULL,410);
INSERT INTO Employee VALUES (119,'Anton','Betten',NULL,'Faculty','Associate Professor',NULL,NULL,NULL,410);
INSERT INTO Employee VALUES (120,'Aurelian','Bejancu',NULL,'Faculty','Associate Professor',NULL,NULL,NULL,410);
INSERT INTO Employee VALUES (121,'Bader ','AlShammary',NULL,'Faculty','Associate Professor',NULL,NULL,NULL,410);
INSERT INTO Employee VALUES (122,'Boudjemaa','Anchouche',NULL,'Faculty','Associate Professor',NULL,NULL,NULL,410);
INSERT INTO Employee VALUES (123,'Boumediene','Chentouf',NULL,'Faculty','Associate Professor',NULL,NULL,NULL,410);
INSERT INTO Employee VALUES (124,'Fares','Alazemi',NULL,'Faculty','Associate Professor',NULL,NULL,NULL,410);
INSERT INTO Employee VALUES (125,'Fathi','Saidi',NULL,'Faculty','Associate Professor',NULL,NULL,NULL,410);
INSERT INTO Employee VALUES (126,'Fuat','Gurcan',NULL,'Faculty','Associate Professor',NULL,NULL,NULL,410);
INSERT INTO Employee VALUES (127,'Khaled','Qazaqzeh',NULL,'Faculty','Associate Professor',NULL,NULL,NULL,410);
INSERT INTO Employee VALUES (128,'Khalifa','EsSebaiy',NULL,'Faculty','Associate Professor',NULL,NULL,NULL,410);
INSERT INTO Employee VALUES (129,'Latif','Hanna',NULL,'Faculty','Associate Professor',NULL,NULL,NULL,410);
INSERT INTO Employee VALUES (130,'Mamad','Ghebleh',NULL,'Faculty','Associate Professor',NULL,NULL,NULL,410);
INSERT INTO Employee VALUES (131,'Milica','Andelic',NULL,'Faculty','Associate Professor',NULL,NULL,NULL,410);
INSERT INTO Employee VALUES (132,'Zafer','Mahmud',NULL,'Faculty','Associate Professor',NULL,NULL,NULL,410);
INSERT INTO Employee VALUES (133,'Abdulaziz','Alsenafi',NULL,'Faculty','Assistant Professor',NULL,NULL,NULL,410);
INSERT INTO Employee VALUES (134,'Abdullah','Alshammari',NULL,'Faculty','Assistant Professor',NULL,NULL,NULL,410);
INSERT INTO Employee VALUES (135,'Abdelhameed','Abdo',NULL,'Faculty','Assistant Professor',NULL,NULL,NULL,410);
INSERT INTO Employee VALUES (136,'Ahood','AlJasser',NULL,'Faculty','Assistant Professor',NULL,NULL,NULL,410);
INSERT INTO Employee VALUES (137,'Ameena','Alzaidan',NULL,'Faculty','Assistant Professor',NULL,NULL,NULL,410);
INSERT INTO Employee VALUES (138,'Hamid','Said',NULL,'Faculty','Assistant Professor',NULL,NULL,NULL,410);
INSERT INTO Employee VALUES (139,'Hessah','AlMutairi',NULL,'Faculty','Assistant Professor',NULL,NULL,NULL,410);
INSERT INTO Employee VALUES (140,'Kyriakos','Papadopoulos',NULL,'Faculty','Assistant Professor',NULL,NULL,NULL,410);
INSERT INTO Employee VALUES (141,'Maryam','Alkandari',NULL,'Faculty','Assistant Professor',NULL,NULL,NULL,410);
INSERT INTO Employee VALUES (142,'Mishari','AlForaih',NULL,'Faculty','Assistant Professor',NULL,NULL,NULL,410);
INSERT INTO Employee VALUES (143,'Saleh','Baqer',NULL,'Faculty','Assistant Professor',NULL,NULL,NULL,410);
INSERT INTO Employee VALUES (144,'Abdulrahman','Mubarak',NULL,'Teaching Assistant',NULL,NULL,NULL,NULL,410);
INSERT INTO Employee VALUES (145,'Adnan','AlSayed',NULL,'Teaching Assistant',NULL,NULL,NULL,NULL,410);
INSERT INTO Employee VALUES (146,'Alaa','Alqaderi',NULL,'Teaching Assistant',NULL,NULL,NULL,NULL,410);
INSERT INTO Employee VALUES (147,'Amal','Alrashdan',NULL,'Teaching Assistant',NULL,NULL,NULL,NULL,410);
INSERT INTO Employee VALUES (148,'Ayman','EzzElarab',NULL,'Teaching Assistant',NULL,NULL,NULL,NULL,410);
INSERT INTO Employee VALUES (149,'Baba','Amoro',NULL,'Teaching Assistant',NULL,NULL,NULL,NULL,410);
INSERT INTO Employee VALUES (150,'Hameed','AlFahad',NULL,'Teaching Assistant',NULL,NULL,NULL,NULL,410);
INSERT INTO Employee VALUES (151,'Maale','AlMotairi',NULL,'Teaching Assistant',NULL,NULL,NULL,NULL,410);
INSERT INTO Employee VALUES (152,'Mayada','Yousif',NULL,'Teaching Assistant',NULL,NULL,NULL,NULL,410);
INSERT INTO Employee VALUES (153,'Muna','Aljazzaf',NULL,'Teaching Assistant',NULL,NULL,NULL,NULL,410);
INSERT INTO Employee VALUES (154,'Rayouf','Alsahli',NULL,'Teaching Assistant',NULL,NULL,NULL,NULL,410);
INSERT INTO Employee VALUES (155,'Samer','AlSahhar',NULL,'Teaching Assistant',NULL,NULL,NULL,NULL,410);
INSERT INTO Employee VALUES (156,'Shorouq','AlGhunaim',NULL,'Teaching Assistant',NULL,NULL,NULL,NULL,410);
INSERT INTO Employee VALUES (157,'Wafa','Abdulrahman',NULL,'Teaching Assistant',NULL,NULL,NULL,NULL,410);
INSERT INTO Employee VALUES (158,'Yousef','Alenazi',NULL,'Teaching Assistant',NULL,NULL,NULL,NULL,410);
INSERT INTO Employee VALUES (159,'Abdulwahab','AlMusallam',NULL,'Faculty','Associate Professor',NULL,NULL,NULL,640);
INSERT INTO Employee VALUES (160,'Taher','AlSahhaf',NULL,'Faculty','Professor',NULL,NULL,NULL,640);
INSERT INTO Employee VALUES (161,'Amir','AlHaddad',NULL,'Faculty','Professor',NULL,NULL,NULL,640);
INSERT INTO Employee VALUES (162,'Hisham','Ettoouney',NULL,'Faculty','Professor',NULL,NULL,NULL,640);
INSERT INTO Employee VALUES (163,'Mohammed','Riazi',NULL,'Faculty','Professor',NULL,NULL,NULL,640);
INSERT INTO Employee VALUES (164,'Haitham','Lababidi',NULL,'Faculty','Professor',NULL,NULL,NULL,640);
INSERT INTO Employee VALUES (165,'Ghazi','AlEnzi',NULL,'Faculty','Professor',NULL,NULL,NULL,640);
INSERT INTO Employee VALUES (166,'Sami','Ali',NULL,'Faculty','Professor',NULL,NULL,NULL,640);
INSERT INTO Employee VALUES (167,'Tareq','AlBahri',NULL,'Faculty','Professor',NULL,NULL,NULL,640);
INSERT INTO Employee VALUES (168,'Yousef','AlRoomi',NULL,'Faculty','Professor',NULL,NULL,NULL,640);
INSERT INTO Employee VALUES (169,'Mousa','Abuorabi',NULL,'Faculty','Professor',NULL,NULL,NULL,640);
INSERT INTO Employee VALUES (170,'Rasheed','AlAmeeri',NULL,'Faculty','Associate Professor',NULL,NULL,NULL,640);
INSERT INTO Employee VALUES (171,'Khawla','AlShayji',NULL,'Faculty','Associate Professor',NULL,NULL,NULL,640);
INSERT INTO Employee VALUES (172,'Fadhel','Aziz',NULL,'Faculty','Associate Professor',NULL,NULL,NULL,640);
INSERT INTO Employee VALUES (173,'Fahad','AlFadhli',NULL,'Faculty','Associate Professor',NULL,NULL,NULL,640);
INSERT INTO Employee VALUES (174,'Osama','AlRashed',NULL,'Faculty','Associate Professor',NULL,NULL,NULL,640);
INSERT INTO Employee VALUES (175,'Bader','AlBusairi',NULL,'Faculty','Assistant Professor',NULL,NULL,NULL,640);
INSERT INTO Employee VALUES (176,'Hamida','AlRamadhan',NULL,'Faculty','Assistant Professor',NULL,NULL,NULL,640);
INSERT INTO Employee VALUES (177,'Jaber','AlJuaidiyah',NULL,'Faculty','Assistant Professor',NULL,NULL,NULL,640);
INSERT INTO Employee VALUES (178,'Salem','AlKanaimsh',NULL,'Faculty','Assistant Professor',NULL,NULL,NULL,640);
INSERT INTO Employee VALUES (179,'Aisha','AlObaid',NULL,'Faculty','Assistant Professor',NULL,NULL,NULL,640);
INSERT INTO Employee VALUES (180,'Sulaiman','AlQallaf',NULL,'Faculty','Assistant Professor',NULL,NULL,NULL,640);
INSERT INTO Employee VALUES (181,'Essam','AlRouqbah',NULL,'Faculty','Assistant Professor',NULL,NULL,NULL,640);
INSERT INTO Employee VALUES (182,'Hasan','AlSanad',NULL,'Faculty','Professor',NULL,NULL,NULL,620);
INSERT INTO Employee VALUES (183,'Hashem','AlTabtabai',NULL,'Faculty','Professor',NULL,NULL,NULL,620);
INSERT INTO Employee VALUES (184,'Humayun','Kabir',NULL,'Faculty','Professor',NULL,NULL,NULL,620);
INSERT INTO Employee VALUES (185,'Husain','AlKhaiat',NULL,'Faculty','Professor',NULL,NULL,NULL,620);
INSERT INTO Employee VALUES (186,'Jaber','Almedeij',NULL,'Faculty','Professor',NULL,NULL,NULL,620);
INSERT INTO Employee VALUES (187,'Jamal','AlDuaij',NULL,'Faculty','Professor',NULL,NULL,NULL,620);
INSERT INTO Employee VALUES (188,'Khaldoun','Rahal',NULL,'Faculty','Professor',NULL,NULL,NULL,620);
INSERT INTO Employee VALUES (189,'Mohamed','AbdelRohman',NULL,'Faculty','Professor',NULL,NULL,NULL,620);
INSERT INTO Employee VALUES (190,'Mohamed','Hamoda',NULL,'Faculty','Professor',NULL,NULL,NULL,620);
INSERT INTO Employee VALUES (191,'Nabil','Kartam',NULL,'Faculty','Professor',NULL,NULL,NULL,620);
INSERT INTO Employee VALUES (192,'Nabil','Zaghloul',NULL,'Faculty','Professor',NULL,NULL,NULL,620);
INSERT INTO Employee VALUES (193,'Nabil','Ismael',NULL,'Faculty','Professor',NULL,NULL,NULL,620);
INSERT INTO Employee VALUES (194,'Nayef','AlMutairi',NULL,'Faculty','Professor',NULL,NULL,NULL,620);
INSERT INTO Employee VALUES (195,'Abdalrahman','Alsulaili',NULL,'Faculty','Associate Professor',NULL,NULL,NULL,620);
INSERT INTO Employee VALUES (196,'Anwar','AlYaqout',NULL,'Faculty','Associate Professor',NULL,NULL,NULL,620);
INSERT INTO Employee VALUES (197,'Fahad','AlRukaibi',NULL,'Faculty','Associate Professor',NULL,NULL,NULL,620);
INSERT INTO Employee VALUES (198,'Hasan','Hasan',NULL,'Faculty','Associate Professor',NULL,NULL,NULL,620);
INSERT INTO Employee VALUES (199,'Jasem','AlHumoud',NULL,'Faculty','Associate Professor',NULL,NULL,NULL,620);
INSERT INTO Employee VALUES (200,'Khaled','AlRasheed',NULL,'Faculty','Associate Professor',NULL,NULL,NULL,620);
INSERT INTO Employee VALUES (201,'Moetaz','Elhawary',NULL,'Faculty','Associate Professor',NULL,NULL,NULL,620);
INSERT INTO Employee VALUES (202,'Mohamad','AlKhalidi',NULL,'Faculty','Associate Professor',NULL,NULL,NULL,620);
INSERT INTO Employee VALUES (203,'Rawa','Aljarallah',NULL,'Faculty','Associate Professor',NULL,NULL,NULL,620);
INSERT INTO Employee VALUES (204,'Sharaf','AlKheder',NULL,'Faculty','Associate Professor',NULL,NULL,NULL,620);
INSERT INTO Employee VALUES (205,'Abdulhamid','Khudada',NULL,'Faculty','Assistant Professor',NULL,NULL,NULL,620);
INSERT INTO Employee VALUES (206,'Abdullah','AlMutairi',NULL,'Faculty','Assistant Professor',NULL,NULL,NULL,620);
INSERT INTO Employee VALUES (207,'Abdullah','Alsumaiei',NULL,'Faculty','Assistant Professor',NULL,NULL,NULL,620);
INSERT INTO Employee VALUES (208,'Ahmad','AlNaseem',NULL,'Faculty','Assistant Professor',NULL,NULL,NULL,620);
INSERT INTO Employee VALUES (209,'Ahmad','AlRushaidan',NULL,'Faculty','Assistant Professor',NULL,NULL,NULL,620);
INSERT INTO Employee VALUES (210,'Ahmed','Khalafallah',NULL,'Faculty','Assistant Professor',NULL,NULL,NULL,620);
INSERT INTO Employee VALUES (211,'Alanood','Alkhaled',NULL,'Faculty','Assistant Professor',NULL,NULL,NULL,620);
INSERT INTO Employee VALUES (212,'Ammar','BenNakhi',NULL,'Faculty','Assistant Professor',NULL,NULL,NULL,620);
INSERT INTO Employee VALUES (213,'Ammar','AlSayegh',NULL,'Faculty','Assistant Professor',NULL,NULL,NULL,620);
INSERT INTO Employee VALUES (214,'Anwar','AlIbrahim',NULL,'Faculty','Assistant Professor',NULL,NULL,NULL,620);
INSERT INTO Employee VALUES (215,'Aref','Alzaabi',NULL,'Faculty','Assistant Professor',NULL,NULL,NULL,620);
INSERT INTO Employee VALUES (216,'Duaij','AlRukaibi',NULL,'Faculty','Assistant Professor',NULL,NULL,NULL,620);
INSERT INTO Employee VALUES (217,'Ebrahim','Jumaen',NULL,'Faculty','Assistant Professor',NULL,NULL,NULL,620);
INSERT INTO Employee VALUES (218,'Fares','Aljeeran',NULL,'Faculty','Assistant Professor',NULL,NULL,NULL,620);
INSERT INTO Employee VALUES (219,'Hanouf','AlHamaidi',NULL,'Faculty','Assistant Professor',NULL,NULL,NULL,620);
INSERT INTO Employee VALUES (220,'Khaled','AlSaleh',NULL,'Faculty','Assistant Professor',NULL,NULL,NULL,620);
INSERT INTO Employee VALUES (221,'Manal','AlFadhala',NULL,'Faculty','Assistant Professor',NULL,NULL,NULL,620);
INSERT INTO Employee VALUES (222,'Mohammad','BouShahri',NULL,'Faculty','Assistant Professor',NULL,NULL,NULL,620);
INSERT INTO Employee VALUES (223,'Mohammad','Alattar',NULL,'Faculty','Assistant Professor',NULL,NULL,NULL,620);
INSERT INTO Employee VALUES (224,'Mohammed','AlYagout',NULL,'Faculty','Assistant Professor',NULL,NULL,NULL,620);
INSERT INTO Employee VALUES (225,'Muhammad','Chaudhary',NULL,'Faculty','Assistant Professor',NULL,NULL,NULL,620);
INSERT INTO Employee VALUES (226,'Najah','AbdulRaheem',NULL,'Faculty','Assistant Professor',NULL,NULL,NULL,620);
INSERT INTO Employee VALUES (227,'Nawaf','Alotaibi',NULL,'Faculty','Assistant Professor',NULL,NULL,NULL,620);
INSERT INTO Employee VALUES (228,'Nourah','Almashan',NULL,'Faculty','Assistant Professor',NULL,NULL,NULL,620);
INSERT INTO Employee VALUES (229,'Omar','AlSaleh',NULL,'Faculty','Assistant Professor',NULL,NULL,NULL,620);
INSERT INTO Employee VALUES (230,'Ruqaya','Alsabah',NULL,'Faculty','Assistant Professor',NULL,NULL,NULL,620);
INSERT INTO Employee VALUES (231,'Saleh','Ali',NULL,'Faculty','Assistant Professor',NULL,NULL,NULL,620);
INSERT INTO Employee VALUES (232,'Waleed','AlAbdullah',NULL,'Faculty','Assistant Professor',NULL,NULL,NULL,620);
INSERT INTO Employee VALUES (233,'Waleed','Eid',NULL,'Faculty','Assistant Professor',NULL,NULL,NULL,620);
INSERT INTO Employee VALUES (234,'Fawzi','AlKandari',NULL,'Faculty','Assistant Professor',NULL,NULL,NULL,620);
INSERT INTO Employee VALUES (235,'Abdallah','Cherri',NULL,'Faculty','Professor',NULL,NULL,NULL,610);
INSERT INTO Employee VALUES (236,'Ali','AlMutairi',NULL,'Faculty','Professor',NULL,NULL,NULL,610);
INSERT INTO Employee VALUES (237,'Ayman','AlZayed',NULL,'Faculty','Professor',NULL,NULL,NULL,610);
INSERT INTO Employee VALUES (238,'Mahmoud','Habib',NULL,'Faculty','Professor',NULL,NULL,NULL,610);
INSERT INTO Employee VALUES (239,'Malek','Hussain',NULL,'Faculty','Professor',NULL,NULL,NULL,610);
INSERT INTO Employee VALUES (240,'Mohamed','Hassan',NULL,'Faculty','Professor',NULL,NULL,NULL,610);
INSERT INTO Employee VALUES (241,'Mohamed','Zribi',NULL,'Faculty','Professor',NULL,NULL,NULL,610);
INSERT INTO Employee VALUES (242,'Moustafa','Ghannam',NULL,'Faculty','Professor',NULL,NULL,NULL,610);
INSERT INTO Employee VALUES (243,'Naif','AlMutairi',NULL,'Faculty','Professor',NULL,NULL,NULL,610);
INSERT INTO Employee VALUES (244,'Naser','AlMutairi',NULL,'Faculty','Professor',NULL,NULL,NULL,610);
INSERT INTO Employee VALUES (245,'Abdulazeez','AlOmar',NULL,'Faculty','Associate Professor',NULL,NULL,NULL,610);
INSERT INTO Employee VALUES (246,'Ali','AlKandary',NULL,'Faculty','Associate Professor',NULL,NULL,NULL,610);
INSERT INTO Employee VALUES (247,'Husain','Kamal',NULL,'Faculty','Associate Professor',NULL,NULL,NULL,610);
INSERT INTO Employee VALUES (248,'Meshal','AlShaher',NULL,'Faculty','Associate Professor',NULL,NULL,NULL,610);
INSERT INTO Employee VALUES (249,'Mohammad','Landolsi',NULL,'Faculty','Associate Professor',NULL,NULL,NULL,610);
INSERT INTO Employee VALUES (250,'Mohammed','Baidas',NULL,'Faculty','Associate Professor',NULL,NULL,NULL,610);
INSERT INTO Employee VALUES (251,'Muthana','AlRifai',NULL,'Faculty','Associate Professor',NULL,NULL,NULL,610);
INSERT INTO Employee VALUES (252,'Nabil','Khachab',NULL,'Faculty','Associate Professor',NULL,NULL,NULL,610);
INSERT INTO Employee VALUES (253,'Saleh','Alshamali',NULL,'Faculty','Associate Professor',NULL,NULL,NULL,610);
INSERT INTO Employee VALUES (254,'Mohammad','AlMulla',NULL,'Faculty','Assistant Professor',NULL,NULL,NULL,610);
INSERT INTO Employee VALUES (255,'Abdullah','Alazemi',NULL,'Faculty','Assistant Professor',NULL,NULL,NULL,610);
INSERT INTO Employee VALUES (256,'Abdullah','AlQallaf',NULL,'Faculty','Assistant Professor',NULL,NULL,NULL,610);
INSERT INTO Employee VALUES (257,'Abeer','Almaimouni',NULL,'Faculty','Assistant Professor',NULL,NULL,NULL,610);
INSERT INTO Employee VALUES (258,'Adil','AlZamil',NULL,'Faculty','Assistant Professor',NULL,NULL,NULL,610);
INSERT INTO Employee VALUES (259,'Ahmad','BouShahri',NULL,'Faculty','Assistant Professor',NULL,NULL,NULL,610);
INSERT INTO Employee VALUES (260,'Ali','Hajjiah',NULL,'Faculty','Assistant Professor',NULL,NULL,NULL,610);
INSERT INTO Employee VALUES (261,'Bader','AlDalali',NULL,'Faculty','Assistant Professor',NULL,NULL,NULL,610);
INSERT INTO Employee VALUES (262,'Fahad','AlAjmi',NULL,'Faculty','Assistant Professor',NULL,NULL,NULL,610);
INSERT INTO Employee VALUES (263,'Hamad','Alroughani',NULL,'Faculty','Assistant Professor',NULL,NULL,NULL,610);
INSERT INTO Employee VALUES (264,'Hussain','Hussain',NULL,'Faculty','Assistant Professor',NULL,NULL,NULL,610);
INSERT INTO Employee VALUES (265,'Mishal','AlGharabally',NULL,'Faculty','Assistant Professor',NULL,NULL,NULL,610);
INSERT INTO Employee VALUES (266,'Mohammad','Alsaffar',NULL,'Faculty','Assistant Professor',NULL,NULL,NULL,610);
INSERT INTO Employee VALUES (267,'Mohammad','Safar',NULL,'Faculty','Assistant Professor',NULL,NULL,NULL,610);
INSERT INTO Employee VALUES (268,'Muna','Albasman',NULL,'Faculty','Assistant Professor',NULL,NULL,NULL,610);
INSERT INTO Employee VALUES (269,'Osama','AlNaseem',NULL,'Faculty','Assistant Professor',NULL,NULL,NULL,610);
INSERT INTO Employee VALUES (270,'Qutaiba','Razouqi',NULL,'Faculty','Assistant Professor',NULL,NULL,NULL,610);
INSERT INTO Employee VALUES (271,'Rashad','Mohammedeen',NULL,'Faculty','Assistant Professor',NULL,NULL,NULL,610);
INSERT INTO Employee VALUES (272,'Sadeq','Alnasur',NULL,'Faculty','Assistant Professor',NULL,NULL,NULL,610);
INSERT INTO Employee VALUES (273,'Sultan','Alanzi',NULL,'Faculty','Assistant Professor',NULL,NULL,NULL,610);
INSERT INTO Employee VALUES (274,'Yaser','Abdulraheem',NULL,'Faculty','Assistant Professor',NULL,NULL,NULL,610);
INSERT INTO Employee VALUES (275,'Majid','Aldaihani',NULL,'Faculty','Professor',NULL,NULL,NULL,660);
INSERT INTO Employee VALUES (276,'Mohammed','Darwish',NULL,'Faculty','Professor',NULL,NULL,NULL,660);
INSERT INTO Employee VALUES (277,'Ali','Allahverdi',NULL,'Faculty','Professor',NULL,NULL,NULL,660);
INSERT INTO Employee VALUES (278,'Mehmet','Savsar',NULL,'Faculty','Professor',NULL,NULL,NULL,660);
INSERT INTO Employee VALUES (279,'Abdulrahman','Alenezi',NULL,'Faculty','Associate Professor',NULL,NULL,NULL,660);
INSERT INTO Employee VALUES (280,'Esra','Aleisa',NULL,'Faculty','Associate Professor',NULL,NULL,NULL,660);
INSERT INTO Employee VALUES (281,'Fawaz','Abdulmalek',NULL,'Faculty','Associate Professor',NULL,NULL,NULL,660);
INSERT INTO Employee VALUES (282,'Khaled','AlKhaledi',NULL,'Faculty','Associate Professor',NULL,NULL,NULL,660);
INSERT INTO Employee VALUES (283,'Mohammed','AlKhedher',NULL,'Faculty','Associate Professor',NULL,NULL,NULL,660);
INSERT INTO Employee VALUES (284,'Abdullah','AlIbrahim',NULL,'Faculty','Assistant Professor',NULL,NULL,NULL,660);
INSERT INTO Employee VALUES (285,'Ayed','AlMutairi',NULL,'Faculty','Assistant Professor',NULL,NULL,NULL,660);
INSERT INTO Employee VALUES (286,'Humoud','Alsabah',NULL,'Faculty','Assistant Professor',NULL,NULL,NULL,660);
INSERT INTO Employee VALUES (287,'Jawad','AlHashemi',NULL,'Faculty','Assistant Professor',NULL,NULL,NULL,660);
INSERT INTO Employee VALUES (288,'Khaled','AlAli',NULL,'Faculty','Assistant Professor',NULL,NULL,NULL,660);
INSERT INTO Employee VALUES (289,'Mohammad','AlZayed',NULL,'Faculty','Assistant Professor',NULL,NULL,NULL,660);
INSERT INTO Employee VALUES (290,'Rufaidah','AlMaian',NULL,'Faculty','Assistant Professor',NULL,NULL,NULL,660);
INSERT INTO Employee VALUES (291,'Ahmed','Elkholy',NULL,'Faculty','Professor',NULL,NULL,NULL,630);
INSERT INTO Employee VALUES (292,'Ahmet','Yigit',NULL,'Faculty','Professor',NULL,NULL,NULL,630);
INSERT INTO Employee VALUES (293,'Andreas','Christoforou',NULL,'Faculty','Professor',NULL,NULL,NULL,630);
INSERT INTO Employee VALUES (294,'Esam','Alawadhi',NULL,'Faculty','Professor',NULL,NULL,NULL,630);
INSERT INTO Employee VALUES (295,'Fuad','Alasfour',NULL,'Faculty','Professor',NULL,NULL,NULL,630);
INSERT INTO Employee VALUES (296,'Jamal','Alhajji',NULL,'Faculty','Professor',NULL,NULL,NULL,630);
INSERT INTO Employee VALUES (297,'Khaled','AlFadhala',NULL,'Faculty','Professor',NULL,NULL,NULL,630);
INSERT INTO Employee VALUES (298,'Khalid','Alhazza',NULL,'Faculty','Professor',NULL,NULL,NULL,630);
INSERT INTO Employee VALUES (299,'Mohammed','AlAnsary',NULL,'Faculty','Professor',NULL,NULL,NULL,630);
INSERT INTO Employee VALUES (300,'Abdulazim','Falah',NULL,'Faculty','Associate Professor',NULL,NULL,NULL,630);
INSERT INTO Employee VALUES (301,'Ammar','Alsairafi',NULL,'Faculty','Associate Professor',NULL,NULL,NULL,630);
INSERT INTO Employee VALUES (302,'Emad','Khorshid',NULL,'Faculty','Associate Professor',NULL,NULL,NULL,630);
INSERT INTO Employee VALUES (303,'Majed','AlMajeed',NULL,'Faculty','Associate Professor',NULL,NULL,NULL,630);
INSERT INTO Employee VALUES (304,'Mohammed','AlAjmi',NULL,'Faculty','Associate Professor',NULL,NULL,NULL,630);
INSERT INTO Employee VALUES (305,'Mohammed','Alfares',NULL,'Faculty','Associate Professor',NULL,NULL,NULL,630);
INSERT INTO Employee VALUES (306,'Osama','Ibrahim',NULL,'Faculty','Associate Professor',NULL,NULL,NULL,630);
INSERT INTO Employee VALUES (307,'Osama','Alyousif',NULL,'Faculty','Associate Professor',NULL,NULL,NULL,630);
INSERT INTO Employee VALUES (308,'Osamah','AlHawaj',NULL,'Faculty','Associate Professor',NULL,NULL,NULL,630);
INSERT INTO Employee VALUES (309,'Raed','Bourisli',NULL,'Faculty','Associate Professor',NULL,NULL,NULL,630);
INSERT INTO Employee VALUES (310,'Sami','AlFahed',NULL,'Faculty','Associate Professor',NULL,NULL,NULL,630);
INSERT INTO Employee VALUES (311,'Sorour','Alotaibi',NULL,'Faculty','Associate Professor',NULL,NULL,NULL,630);
INSERT INTO Employee VALUES (312,'Abdullah','AlShyiea',NULL,'Faculty','Assistant Professor',NULL,NULL,NULL,630);
INSERT INTO Employee VALUES (313,'Abdullah','Alazemi',NULL,'Faculty','Assistant Professor',NULL,NULL,NULL,630);
INSERT INTO Employee VALUES (314,'Abdullah','Abdullah',NULL,'Faculty','Assistant Professor',NULL,NULL,NULL,630);
INSERT INTO Employee VALUES (315,'Adel','AlShayji',NULL,'Faculty','Assistant Professor',NULL,NULL,NULL,630);
INSERT INTO Employee VALUES (316,'Adnan','Mustafa',NULL,'Faculty','Assistant Professor',NULL,NULL,NULL,630);
INSERT INTO Employee VALUES (317,'Alia','Marafie',NULL,'Faculty','Assistant Professor',NULL,NULL,NULL,630);
INSERT INTO Employee VALUES (318,'Ammar','Bahman',NULL,'Faculty','Assistant Professor',NULL,NULL,NULL,630);
INSERT INTO Employee VALUES (319,'Asad','AlIbrahim',NULL,'Faculty','Assistant Professor',NULL,NULL,NULL,630);
INSERT INTO Employee VALUES (320,'Bader','Alshriaan',NULL,'Faculty','Assistant Professor',NULL,NULL,NULL,630);
INSERT INTO Employee VALUES (321,'Fatma','Madouh',NULL,'Faculty','Assistant Professor',NULL,NULL,NULL,630);
INSERT INTO Employee VALUES (322,'Jasem','Baroon',NULL,'Faculty','Assistant Professor',NULL,NULL,NULL,630);
INSERT INTO Employee VALUES (323,'Khaled','AlGhanem',NULL,'Faculty','Assistant Professor',NULL,NULL,NULL,630);
INSERT INTO Employee VALUES (324,'Mohamad','AlKandari',NULL,'Faculty','Assistant Professor',NULL,NULL,NULL,630);
INSERT INTO Employee VALUES (325,'Mohammad','Alalaimi',NULL,'Faculty','Assistant Professor',NULL,NULL,NULL,630);
INSERT INTO Employee VALUES (326,'Mohammad','Alostad',NULL,'Faculty','Assistant Professor',NULL,NULL,NULL,630);
INSERT INTO Employee VALUES (327,'Mohammed','AlRifai',NULL,'Faculty','Assistant Professor',NULL,NULL,NULL,630);
INSERT INTO Employee VALUES (328,'Nawaf','AlJuwayhel',NULL,'Faculty','Assistant Professor',NULL,NULL,NULL,630);
INSERT INTO Employee VALUES (329,'Nawaf','AlMutawa',NULL,'Faculty','Assistant Professor',NULL,NULL,NULL,630);
INSERT INTO Employee VALUES (330,'Saad','Alabduljalil',NULL,'Faculty','Assistant Professor',NULL,NULL,NULL,630);
INSERT INTO Employee VALUES (331,'Shikha','Ebrahim',NULL,'Faculty','Assistant Professor',NULL,NULL,NULL,630);
INSERT INTO Employee VALUES (332,'Souhaila','AlMutawa',NULL,'Faculty','Assistant Professor',NULL,NULL,NULL,630);
INSERT INTO Employee VALUES (333,'Sulaiman','AlYaqout',NULL,'Faculty','Assistant Professor',NULL,NULL,NULL,630);
INSERT INTO Employee VALUES (334,'Adel','Elsharkawy',NULL,'Faculty','Professor',NULL,NULL,NULL,650);
INSERT INTO Employee VALUES (335,'Ali','Garrouch',NULL,'Faculty','Professor',NULL,NULL,NULL,650);
INSERT INTO Employee VALUES (336,'Eissa','AlSafran',NULL,'Faculty','Professor',NULL,NULL,NULL,650);
INSERT INTO Employee VALUES (337,'Ibrahim','Nashawi',NULL,'Faculty','Professor',NULL,NULL,NULL,650);
INSERT INTO Employee VALUES (338,'Abdullah','Ebrahim',NULL,'Faculty','Associate Professor',NULL,NULL,NULL,650);
INSERT INTO Employee VALUES (339,'Abdullah','Alajmi',NULL,'Faculty','Associate Professor',NULL,NULL,NULL,650);
INSERT INTO Employee VALUES (340,'Adel','Malallah',NULL,'Faculty','Associate Professor',NULL,NULL,NULL,650);
INSERT INTO Employee VALUES (341,'Fuad','Qasem',NULL,'Faculty','Associate Professor',NULL,NULL,NULL,650);
INSERT INTO Employee VALUES (342,'Jalal','Owayed',NULL,'Faculty','Associate Professor',NULL,NULL,NULL,650);
INSERT INTO Employee VALUES (343,'Meshal','Algharaib',NULL,'Faculty','Associate Professor',NULL,NULL,NULL,650);
INSERT INTO Employee VALUES (344,'Osamah','Alomair',NULL,'Faculty','Associate Professor',NULL,NULL,NULL,650);
INSERT INTO Employee VALUES (345,'Talal','AlBazali',NULL,'Faculty','Associate Professor',NULL,NULL,NULL,650);
INSERT INTO Employee VALUES (346,'Fahad','Almudairis',NULL,'Faculty','Assistant Professor',NULL,NULL,NULL,650);
INSERT INTO Employee VALUES (347,'Faisal','Aladwani',NULL,'Faculty','Assistant Professor',NULL,NULL,NULL,650);
INSERT INTO Employee VALUES (348,'Feras','AlRuhaimani',NULL,'Faculty','Assistant Professor',NULL,NULL,NULL,650);
INSERT INTO Employee VALUES (349,'Hassan','AlKandari',NULL,'Faculty','Assistant Professor',NULL,NULL,NULL,650);
INSERT INTO Employee VALUES (350,'Khadhr','Altarabulsi',NULL,'Faculty','Assistant Professor',NULL,NULL,NULL,650);
INSERT INTO Employee VALUES (351,'Mabkhout','AlDousari',NULL,'Faculty','Assistant Professor',NULL,NULL,NULL,650);
INSERT INTO Employee VALUES (352,'Mohammad','Aldousari',NULL,'Faculty','Assistant Professor',NULL,NULL,NULL,650);
INSERT INTO Employee VALUES (353,'Salah','Almudhhi',NULL,'Faculty','Assistant Professor',NULL,NULL,NULL,650);
INSERT INTO Employee VALUES (354,'Yousef','Hashem',NULL,'Faculty','Assistant Professor',NULL,NULL,NULL,650);
INSERT INTO Employee VALUES (355,'Emad-Eldin','Aly',NULL,'Faculty','Professor',NULL,NULL,NULL,480);
INSERT INTO Employee VALUES (356,'Shahariar','Huda',NULL,'Faculty','Professor',NULL,NULL,NULL,480);
INSERT INTO Employee VALUES (357,'Ahmad','Soltani',NULL,'Faculty','Professor',NULL,NULL,NULL,480);
INSERT INTO Employee VALUES (358,'Lakdere','Benkherouf',NULL,'Faculty','Professor',NULL,NULL,NULL,480);
INSERT INTO Employee VALUES (359,'Mohamed','Ghitany',NULL,'Faculty','Professor',NULL,NULL,NULL,480);
INSERT INTO Employee VALUES (360,'Talal','Alkhamis',NULL,'Faculty','Professor',NULL,NULL,NULL,480);
INSERT INTO Employee VALUES (361,'Dhaifalla','AlMutairi',NULL,'Faculty','Professor',NULL,NULL,NULL,480);
INSERT INTO Employee VALUES (362,'Fahimah','AlAwadhi',NULL,'Faculty','Professor',NULL,NULL,NULL,480);
INSERT INTO Employee VALUES (363,'Rym','MHallah',NULL,'Faculty','Professor',NULL,NULL,NULL,480);
INSERT INTO Employee VALUES (364,'Shafiqah','AlAwadhi',NULL,'Faculty','Professor',NULL,NULL,NULL,480);
INSERT INTO Employee VALUES (365,'Mohamed','Habib',NULL,'Faculty','Associate Professor',NULL,NULL,NULL,480);
INSERT INTO Employee VALUES (366,'Noriah','AlKandari',NULL,'Faculty','Associate Professor',NULL,NULL,NULL,480);
INSERT INTO Employee VALUES (367,'Reem','AlJarallah',NULL,'Faculty','Associate Professor',NULL,NULL,NULL,480);
INSERT INTO Employee VALUES (368,'Fatemah','AlQallaf',NULL,'Faculty','Associate Professor',NULL,NULL,NULL,480);
INSERT INTO Employee VALUES (369,'Suja','Aboukhamseen',NULL,'Faculty','Associate Professor',NULL,NULL,NULL,480);
INSERT INTO Employee VALUES (370,'Jamal','AlSaleh',NULL,'Faculty','Assistant Professor',NULL,NULL,NULL,480);
INSERT INTO Employee VALUES (371,'Intesar','AlMudahka',NULL,'Faculty','Assistant Professor',NULL,NULL,NULL,480);
INSERT INTO Employee VALUES (372,'Laila','AlKhalfan',NULL,'Faculty','Assistant Professor',NULL,NULL,NULL,480);
INSERT INTO Employee VALUES (373,'Fatemah','Almathkour',NULL,'Faculty','Assistant Professor',NULL,NULL,NULL,480);
INSERT INTO Employee VALUES (374,'Ahmad','Alothman',NULL,'Faculty','Assistant Professor',NULL,NULL,NULL,480);
INSERT INTO Employee VALUES (375,'Mai','Alfahad',NULL,'Faculty','Assistant Professor',NULL,NULL,NULL,480);
INSERT INTO Employee VALUES (376,'Hajar','Alkhezi',NULL,'Faculty','Assistant Professor',NULL,NULL,NULL,480);
INSERT INTO Employee VALUES (377,'Maddah','Abdulfattah',NULL,'Teaching Assistant',NULL,NULL,NULL,NULL,480);
INSERT INTO Employee VALUES (378,'Ahmed','AbuAjwa',NULL,'Teaching Assistant',NULL,NULL,NULL,NULL,480);
INSERT INTO Employee VALUES (379,'Seham','Ahmed',NULL,'Teaching Assistant',NULL,NULL,NULL,NULL,480);
INSERT INTO Employee VALUES (380,'Abdullah','AlSuwaine',NULL,'Teaching Assistant',NULL,NULL,NULL,NULL,480);
INSERT INTO Employee VALUES (381,'Khalidah','AlShijari',NULL,'Teaching Assistant',NULL,NULL,NULL,NULL,480);
INSERT INTO Employee VALUES (382,'Reem','AlSahly',NULL,'Teaching Assistant',NULL,NULL,NULL,NULL,480);
INSERT INTO Employee VALUES (383,'Munirah','AlSharrah',NULL,'Teaching Assistant',NULL,NULL,NULL,NULL,480);
INSERT INTO Employee VALUES (384,'Munirah','AlZubairan',NULL,'Teaching Assistant',NULL,NULL,NULL,NULL,480);
INSERT INTO Employee VALUES (385,'Rajaa','AlSuraij',NULL,'Teaching Assistant',NULL,NULL,NULL,NULL,480);
INSERT INTO Employee VALUES (386,'Huda','Husain',NULL,'Teaching Assistant',NULL,NULL,NULL,NULL,480);
INSERT INTO Employee VALUES (387,'Dalal','AlHulail',NULL,'Teaching Assistant',NULL,NULL,NULL,NULL,480);
INSERT INTO Employee VALUES (388,'Fatma','AlHusaini',NULL,'Teaching Assistant',NULL,NULL,NULL,NULL,480);
INSERT INTO Employee VALUES (389,'Dalal','Boushahri',NULL,'Teaching Assistant',NULL,NULL,NULL,NULL,480);
INSERT INTO Employee VALUES (390,'Barbra','Atieh',NULL,'Teaching Assistant',NULL,NULL,NULL,NULL,480);
INSERT INTO Employee VALUES (391,'Dalal','AlBinwan',NULL,'Teaching Assistant',NULL,NULL,NULL,NULL,480);
INSERT INTO Employee VALUES (392,'Ali','Bumajdad',NULL,'Faculty','Professor',NULL,NULL,NULL,420);
INSERT INTO Employee VALUES (393,'Entesar','AlHetlani',NULL,'Faculty','Professor',NULL,NULL,NULL,420);
INSERT INTO Employee VALUES (394,'Fakhreia','AlSagheer',NULL,'Faculty','Professor',NULL,NULL,NULL,420);
INSERT INTO Employee VALUES (395,'Fouzi','Mouffouk',NULL,'Faculty','Associate Professor',NULL,NULL,NULL,420);
INSERT INTO Employee VALUES (396,'Nader','AlJalal',NULL,'Faculty','Professor',NULL,NULL,NULL,420);
INSERT INTO Employee VALUES (397,'Nouria','AlAwadi',NULL,'Faculty','Professor',NULL,NULL,NULL,420);
INSERT INTO Employee VALUES (398,'Saleh','AlMousawi',NULL,'Faculty','Professor',NULL,NULL,NULL,420);
INSERT INTO Employee VALUES (399,'AbdulHadi','BuOlayan',NULL,'Faculty','Professor',NULL,NULL,NULL,420);
INSERT INTO Employee VALUES (400,'Abdullah','Alhendal',NULL,'Faculty','Professor',NULL,NULL,NULL,420);
INSERT INTO Employee VALUES (401,'Ali','Husain',NULL,'Faculty','Associate Professor',NULL,NULL,NULL,420);
INSERT INTO Employee VALUES (402,'Fayez','AlMukhaizeem',NULL,'Faculty','Professor',NULL,NULL,NULL,420);
INSERT INTO Employee VALUES (403,'Mohammad','BinSabt',NULL,'Faculty','Professor',NULL,NULL,NULL,420);
INSERT INTO Employee VALUES (404,'Mousa','AlNoaimi',NULL,'Faculty','Professor',NULL,NULL,NULL,420);
INSERT INTO Employee VALUES (405,'Nadia','Shuaib',NULL,'Faculty','Professor',NULL,NULL,NULL,420);
INSERT INTO Employee VALUES (406,'Madan','Sharma',NULL,'Faculty','Professor',NULL,NULL,NULL,430);
INSERT INTO Employee VALUES (407,'Ali','Rakhshani',NULL,'Faculty','Professor',NULL,NULL,NULL,430);
INSERT INTO Employee VALUES (408,'Ameenah','Farhan',NULL,'Faculty','Associate Professor',NULL,NULL,NULL,430);
INSERT INTO Employee VALUES (409,'Suhail','Rezee',NULL,'Faculty','Associate Professor',NULL,NULL,NULL,430);
INSERT INTO Employee VALUES (410,'Peter','Lajko',NULL,'Faculty','Associate Professor',NULL,NULL,NULL,430);
INSERT INTO Employee VALUES (411,'Abdulmuhsen','Ali',NULL,'Faculty','Associate Professor',NULL,NULL,NULL,430);
INSERT INTO Employee VALUES (412,'Elias','Vagenas',NULL,'Faculty','Associate Professor',NULL,NULL,NULL,430);
INSERT INTO Employee VALUES (413,'Belal','Salameh',NULL,'Faculty','Associate Professor',NULL,NULL,NULL,430);
INSERT INTO Employee VALUES (414,'Rayner','Guzman',NULL,'Faculty','Associate Professor',NULL,NULL,NULL,430);
INSERT INTO Employee VALUES (415,'Kourosh','Alfrousheh',NULL,'Faculty','Associate Professor',NULL,NULL,NULL,430);
INSERT INTO Employee VALUES (416,'Abdelkhaleq','Alsmadi',NULL,'Faculty','Associate Professor',NULL,NULL,NULL,430);
INSERT INTO Employee VALUES (417,'Tareq','AlRefae',NULL,'Faculty','Associate Professor',NULL,NULL,NULL,430);
INSERT INTO Employee VALUES (418,'Nasser','Demir',NULL,'Faculty','Associate Professor',NULL,NULL,NULL,430);
INSERT INTO Employee VALUES (419,'Hala','AlJassar',NULL,'Faculty','Associate Professor',NULL,NULL,NULL,430);
INSERT INTO Employee VALUES (420,'Ahmad','AlJassar',NULL,'Faculty','Assistant Professor',NULL,NULL,NULL,430);
INSERT INTO Employee VALUES (421,'Fatemah','AlDouseri',NULL,'Faculty','Assistant Professor',NULL,NULL,NULL,430);
INSERT INTO Employee VALUES (422,'Panos','Kokkalis',NULL,'Faculty','Assistant Professor',NULL,NULL,NULL,430);
INSERT INTO Employee VALUES (423,'Majed','Alotaibi',NULL,'Faculty','Assistant Professor',NULL,NULL,NULL,430);
INSERT INTO Employee VALUES (424,'Afshin','Hadipour',NULL,'Faculty','Assistant Professor',NULL,NULL,NULL,430);
INSERT INTO Employee VALUES (425,'Ruqayyah','Askar',NULL,'Faculty','Assistant Professor',NULL,NULL,NULL,430);
INSERT INTO Employee VALUES (426,'Alaa','Alfailakawi',NULL,'Faculty','Assistant Professor',NULL,NULL,NULL,430);
INSERT INTO Employee VALUES (427,'Bedoor','Alkurtass',NULL,'Faculty','Assistant Professor',NULL,NULL,NULL,430);
INSERT INTO Employee VALUES (428,'Abdullah','AlMulla',NULL,'Teaching Assistant',NULL,NULL,NULL,NULL,430);
INSERT INTO Employee VALUES (429,'Wafaa','Mahdi',NULL,'Teaching Assistant',NULL,NULL,NULL,NULL,430);
INSERT INTO Employee VALUES (430,'Edwin','Anil',NULL,'Teaching Assistant',NULL,NULL,NULL,NULL,430);
INSERT INTO Employee VALUES (431,'Mohammad','Ali',NULL,'Teaching Assistant',NULL,NULL,NULL,NULL,430);
INSERT INTO Employee VALUES (432,'Hameed','Ramadhan',NULL,'Teaching Assistant',NULL,NULL,NULL,NULL,430);
INSERT INTO Employee VALUES (433,'Djenane','Khalil',NULL,'Teaching Assistant',NULL,NULL,NULL,NULL,430);
INSERT INTO Employee VALUES (434,'Jehan','AlModhaian',NULL,'Teaching Assistant',NULL,NULL,NULL,NULL,430);
INSERT INTO Employee VALUES (435,'Maryam','Murad',NULL,'Teaching Assistant',NULL,NULL,NULL,NULL,430);
INSERT INTO Employee VALUES (436,'Sunny','Thomas',NULL,'Teaching Assistant',NULL,NULL,NULL,NULL,430);
INSERT INTO Employee VALUES (437,'Suji','Zachariah',NULL,'Teaching Assistant',NULL,NULL,NULL,NULL,430);
INSERT INTO Employee VALUES (438,'Susan','AlMansour',NULL,'Teaching Assistant',NULL,NULL,NULL,NULL,430);
INSERT INTO Employee VALUES (439,'Yousef','Humadi',NULL,'Teaching Assistant',NULL,NULL,NULL,NULL,430);
INSERT INTO Employee VALUES (440,'Mohammed','Abaza',NULL,'Faculty','Professor',NULL,NULL,NULL,490);
INSERT INTO Employee VALUES (441,'Ghanim','Al-Abbadi',NULL,'Faculty','Associate Professor',NULL,NULL,NULL,490);
INSERT INTO Employee VALUES (442,'Amani','Al-Adsani',NULL,'Faculty','Assistant Professor',NULL,NULL,NULL,490);
INSERT INTO Employee VALUES (443,'Abbas','Alameer',NULL,'Faculty','Assistant Professor',NULL,NULL,NULL,490);
INSERT INTO Employee VALUES (444,'Abrar','Al-Ansary',NULL,'Faculty','Assistant Professor',NULL,NULL,NULL,490);
INSERT INTO Employee VALUES (445,'Husain','Al-Awadhi',NULL,'Faculty','Professor',NULL,NULL,NULL,490);
INSERT INTO Employee VALUES (446,'Dhia','Al-Bader',NULL,'Faculty','Associate Professor',NULL,NULL,NULL,490);
INSERT INTO Employee VALUES (447,'Eman','Al-Baker',NULL,'Faculty','Assistant Professor',NULL,NULL,NULL,490);
INSERT INTO Employee VALUES (448,'Suzanne','Al-Bustan',NULL,'Faculty','Professor',NULL,NULL,NULL,490);
INSERT INTO Employee VALUES (449,'Mashael','Al-Dabbous',NULL,'Faculty','Assistant Professor',NULL,NULL,NULL,490);
INSERT INTO Employee VALUES (450,'Jazi','Al-Enezi',NULL,'Faculty','Assistant Professor',NULL,NULL,NULL,490);
INSERT INTO Employee VALUES (451,'Soaad','Alfaqaan',NULL,'Faculty','Assistant Professor',NULL,NULL,NULL,490);
INSERT INTO Employee VALUES (452,'Lulowah','Al-Ghaith',NULL,'Faculty','Assistant Professor',NULL,NULL,NULL,490);
INSERT INTO Employee VALUES (453,'Dunia','Al-Gharabally',NULL,'Faculty','Assistant Professor',NULL,NULL,NULL,490);
INSERT INTO Employee VALUES (454,'Hasan','Alhaddad',NULL,'Faculty','Assistant Professor',NULL,NULL,NULL,490);
INSERT INTO Employee VALUES (455,'Bader','Alhajeri',NULL,'Faculty','Associate Professor',NULL,NULL,NULL,490);
INSERT INTO Employee VALUES (456,'Bader','Al-Hamar',NULL,'Faculty','Assistant Professor',NULL,NULL,NULL,490);
INSERT INTO Employee VALUES (457,'Redha','Al-Hasan',NULL,'Faculty','Professor',NULL,NULL,NULL,490);
INSERT INTO Employee VALUES (458,'Jaser','Aljaser',NULL,'Faculty','Assistant Professor',NULL,NULL,NULL,490);
INSERT INTO Employee VALUES (459,'Wafa','Al-Kandari',NULL,'Faculty','Associate Professor',NULL,NULL,NULL,490);
INSERT INTO Employee VALUES (460,'Abdulaziz','Alkhamis',NULL,'Faculty','Assistant Professor',NULL,NULL,NULL,490);
INSERT INTO Employee VALUES (461,'Fahad','Al-Khayyat',NULL,'Faculty','Assistant Professor',NULL,NULL,NULL,490);
INSERT INTO Employee VALUES (462,'Dina','Al-Mailem',NULL,'Faculty','Professor',NULL,NULL,NULL,490);
INSERT INTO Employee VALUES (463,'Naemah','Al-Mansour',NULL,'Faculty','Assistant Professor',NULL,NULL,NULL,490);
INSERT INTO Employee VALUES (464,'Ibrahim','Almasoud',NULL,'Faculty','Assistant Professor',NULL,NULL,NULL,490);
INSERT INTO Employee VALUES (465,'Suad','Al-Mazrooei',NULL,'Faculty','Assistant Professor',NULL,NULL,NULL,490);
INSERT INTO Employee VALUES (466,'Mohammad','Almishwat',NULL,'Faculty','Assistant Professor',NULL,NULL,NULL,490);
INSERT INTO Employee VALUES (467,'Maryam','Almohaisen',NULL,'Faculty','Assistant Professor',NULL,NULL,NULL,490);
INSERT INTO Employee VALUES (468,'Awatef','Al-Mutairi',NULL,'Teaching Assistant','Assistant Professor',NULL,NULL,NULL,490);
INSERT INTO Employee VALUES (469,'Majed','Alnaqeeb',NULL,'Faculty','Associate Professor',NULL,NULL,NULL,490);
INSERT INTO Employee VALUES (470,'Khaled','Al-Qattan',NULL,'Faculty','Professor',NULL,NULL,NULL,490);
INSERT INTO Employee VALUES (471,'Maryam','Al-Rashid',NULL,'Faculty','Assistant Professor',NULL,NULL,NULL,490);
INSERT INTO Employee VALUES (472,'Jasem','Al-Rubaian',NULL,'Faculty','Associate Professor',NULL,NULL,NULL,490);
INSERT INTO Employee VALUES (473,'Amal','Al-Saffar',NULL,'Faculty','Assistant Professor',NULL,NULL,NULL,490);
INSERT INTO Employee VALUES (474,'Esmaeil','Al-Saleh',NULL,'Faculty','Associate Professor',NULL,NULL,NULL,490);
INSERT INTO Employee VALUES (475,'Sana','AlSaleh',NULL,'Faculty','Assistant Professor',NULL,NULL,NULL,490);
INSERT INTO Employee VALUES (476,'Haya','AlSammar',NULL,'Faculty','Assistant Professor',NULL,NULL,NULL,490);
INSERT INTO Employee VALUES (477,'Nedaa','AlSarraf',NULL,'Faculty','Associate Professor',NULL,NULL,NULL,490);
INSERT INTO Employee VALUES (478,'Shorooq','Al-Sawan',NULL,'Faculty','Assistant Professor',NULL,NULL,NULL,490);
INSERT INTO Employee VALUES (479,'Amani','Al-Zaidan',NULL,'Faculty','Assistant Professor',NULL,NULL,NULL,490);
INSERT INTO Employee VALUES (480,'Sheikha','Al-Zarban',NULL,'Faculty','Assistant Professor',NULL,NULL,NULL,490);
INSERT INTO Employee VALUES (481,'Hussain','Bahbahani',NULL,'Faculty','Associate Professor',NULL,NULL,NULL,490);
INSERT INTO Employee VALUES (482,'Abdelmajeed','Bahman',NULL,'Faculty','Assistant Professor',NULL,NULL,NULL,490);
INSERT INTO Employee VALUES (483,'Nasmah','Bastaki',NULL,'Faculty','Assistant Professor',NULL,NULL,NULL,490);
INSERT INTO Employee VALUES (484,'Ahlam','Bouariky',NULL,'Faculty','Assistant Professor',NULL,NULL,NULL,490);
INSERT INTO Employee VALUES (485,'Mona','Dashti',NULL,'Faculty','Assistant Professor',NULL,NULL,NULL,490);
INSERT INTO Employee VALUES (486,'Narjes','Dashti',NULL,'Faculty','Professor',NULL,NULL,NULL,490);
INSERT INTO Employee VALUES (487,'Rawan','Edan',NULL,'Faculty','Assistant Professor',NULL,NULL,NULL,490);
INSERT INTO Employee VALUES (488,'Ameena','Haider',NULL,'Faculty','Assistant Professor',NULL,NULL,NULL,490);
INSERT INTO Employee VALUES (489,'Mohammed','Haider',NULL,'Faculty','Assistant Professor',NULL,NULL,NULL,490);
INSERT INTO Employee VALUES (490,'Lamya','Hayat',NULL,'Faculty','Associate Professor',NULL,NULL,NULL,490);
INSERT INTO Employee VALUES (491,'Sarah','Jasem',NULL,'Faculty','Assistant Professor',NULL,NULL,NULL,490);
INSERT INTO Employee VALUES (492,'Huda','Mahmoud',NULL,'Faculty','Professor',NULL,NULL,NULL,490);
INSERT INTO Employee VALUES (493,'Yousef','Mater',NULL,'Faculty','Assistant Professor',NULL,NULL,NULL,490);
INSERT INTO Employee VALUES (494,'Mohammed','Morad',NULL,'Faculty','Assistant Professor',NULL,NULL,NULL,490);
INSERT INTO Employee VALUES (495,'Alanoud','Rawdhan',NULL,'Faculty','Assistant Professor',NULL,NULL,NULL,490);
INSERT INTO Employee VALUES (496,'Amina','Redha',NULL,'Faculty','Associate Professor',NULL,NULL,NULL,490);
INSERT INTO Employee VALUES (497,'Abdelmajeed','Safar',NULL,'Faculty','Professor',NULL,NULL,NULL,490);
INSERT INTO Employee VALUES (498,'Hamad','Yadikar',NULL,'Faculty','Assistant Professor',NULL,NULL,NULL,490);
INSERT INTO Employee VALUES (499,'Jamillah','Zamoon',NULL,'Faculty','Assistant Professor',NULL,NULL,NULL,490);
INSERT INTO Employee VALUES (500,'Firyal','Bourabee',NULL,'Faculty','Professor',NULL,NULL,NULL,460);
INSERT INTO Employee VALUES (501,'Jasem','AlAwadhi',NULL,'Faculty','Professor',NULL,NULL,NULL,460);
INSERT INTO Employee VALUES (502,'Fawzia','AlRuwaih',NULL,'Faculty','Professor',NULL,NULL,NULL,460);
INSERT INTO Employee VALUES (503,'Mohammad','AlSarawi',NULL,'Faculty','Professor',NULL,NULL,NULL,460);
INSERT INTO Employee VALUES (504,'Michael','Duane',NULL,'Faculty','Professor',NULL,NULL,NULL,460);
INSERT INTO Employee VALUES (505,'Fowzia','Abdullah',NULL,'Faculty','Associate Professor',NULL,NULL,NULL,460);
INSERT INTO Employee VALUES (506,'Ali','AlMishwat',NULL,'Faculty','Associate Professor',NULL,NULL,NULL,460);
INSERT INTO Employee VALUES (507,'Adeeba','AlHurban',NULL,'Faculty','Associate Professor',NULL,NULL,NULL,460);
INSERT INTO Employee VALUES (508,'Arafat','AlShuaibi',NULL,'Faculty','Associate Professor',NULL,NULL,NULL,460);
INSERT INTO Employee VALUES (509,'Abbas','Saleh',NULL,'Faculty','Assistant Professor',NULL,NULL,NULL,460);
INSERT INTO Employee VALUES (510,'Zainab','AlMusallam',NULL,'Faculty','Assistant Professor',NULL,NULL,NULL,460);
INSERT INTO Employee VALUES (511,'Redha','Mohammad',NULL,'Faculty','Assistant Professor',NULL,NULL,NULL,460);
INSERT INTO Employee VALUES (512,'Mariam','AlKuwairan',NULL,'Faculty','Assistant Professor',NULL,NULL,NULL,460);
INSERT INTO Employee VALUES (513,'Dhari','AlKanderi',NULL,'Faculty','Assistant Professor',NULL,NULL,NULL,460);
INSERT INTO Employee VALUES (514,'Mohammad','Abotalib',NULL,'Faculty','Assistant Professor',NULL,NULL,NULL,460);
INSERT INTO Employee VALUES (515,'Yaqoub','AlRefaei',NULL,'Faculty','Assistant Professor',NULL,NULL,NULL,460);
INSERT INTO Employee VALUES (516,'Mohammed','Naqi',NULL,'Faculty','Assistant Professor',NULL,NULL,NULL,460);
INSERT INTO Employee VALUES (517,'Abdullah','Husain',NULL,'Faculty','Assistant Professor',NULL,NULL,NULL,460);
INSERT INTO Employee VALUES (518,'Reem','AlAwadhi',NULL,'Faculty','Assistant Professor',NULL,NULL,NULL,460);
INSERT INTO Employee VALUES (519,'Najeeb','AlAdwani',NULL,'Faculty','Assistant Professor',NULL,NULL,NULL,460);
INSERT INTO Employee VALUES (520,'Ohood','AlSalem',NULL,'Faculty','Assistant Professor',NULL,NULL,NULL,460);
INSERT INTO Employee VALUES (521,'Naseer','AlQattan',NULL,'Faculty','Assistant Professor',NULL,NULL,NULL,460);
INSERT INTO Employee VALUES (522,'Amal','Khalaf',NULL,'Language Instructor',NULL,NULL,NULL,NULL,9988);
INSERT INTO Employee VALUES (523,'Maryam','Ahmad',NULL,'Language Instructor',NULL,NULL,NULL,NULL,9988);
INSERT INTO Employee VALUES (524,'Hadeel','AlMutairi',NULL,'Language Instructor',NULL,NULL,NULL,NULL,9988);
INSERT INTO Employee VALUES (525,'Fatima','Hussain',NULL,'Language Instructor',NULL,NULL,NULL,NULL,9988);
INSERT INTO Employee VALUES (526,'Jennifer','Baran',NULL,'Language Instructor',NULL,NULL,NULL,NULL,9988);
INSERT INTO Employee VALUES (527,'Saud','AlAbdullah',NULL,'Language Instructor',NULL,NULL,NULL,NULL,9988);
INSERT INTO Employee VALUES (528,'Malek','AlHussain',NULL,'Language Instructor',NULL,NULL,NULL,NULL,9988);
INSERT INTO Employee VALUES (529,'Duha','AlAskar',NULL,'Language Instructor',NULL,NULL,NULL,NULL,9988);
INSERT INTO Employee VALUES (530,'Noha','AlAteeqi',NULL,'Language Instructor',NULL,NULL,NULL,NULL,9988);
INSERT INTO Employee VALUES (531,'Amina','Idriss',NULL,'Language Instructor',NULL,NULL,NULL,NULL,9988);
INSERT INTO Employee VALUES (532,'Ahmad','Alkout',NULL,'Language Instructor',NULL,NULL,NULL,NULL,9988);
INSERT INTO Employee VALUES (533,'Latifa','Alwazzan',NULL,'Language Instructor',NULL,NULL,NULL,NULL,9988);
INSERT INTO Employee VALUES (534,'Faye','Alghuniem',NULL,'Language Instructor',NULL,NULL,NULL,NULL,9988);
INSERT INTO Employee VALUES (535,'Shaimaa','AlAwadhi',NULL,'Language Instructor',NULL,NULL,NULL,NULL,9988);
INSERT INTO Employee VALUES (536,'Nadia','Alshaiji',NULL,'Language Instructor',NULL,NULL,NULL,NULL,9988);
INSERT INTO Employee VALUES (537,'Abbas','Alshammari',NULL,'Language Instructor',NULL,NULL,NULL,NULL,9988);
INSERT INTO Employee VALUES (538,'Kamil','Shahrstan',NULL,'Language Instructor',NULL,NULL,NULL,NULL,9988);
INSERT INTO Employee VALUES (539,'Nancy','Schoenfeld',NULL,'Language Instructor',NULL,NULL,NULL,NULL,9988);
INSERT INTO Employee VALUES (540,'Fahad','Aletaibey',NULL,'Language Instructor',NULL,NULL,NULL,NULL,9988);
INSERT INTO Employee VALUES (541,'Nour','AlGharabali',NULL,'Language Instructor',NULL,NULL,NULL,NULL,9988);
INSERT INTO Employee VALUES (542,'Zainab','Alsaleh',NULL,'Language Instructor',NULL,NULL,NULL,NULL,9988);
INSERT INTO Employee VALUES (543,'Salwa','BenNaji',NULL,'Language Instructor',NULL,NULL,NULL,NULL,9988);
INSERT INTO Employee VALUES (544,'Jumanah','Alsughayer',NULL,'Language Instructor',NULL,NULL,NULL,NULL,9988);
INSERT INTO Employee VALUES (545,'Eihab','Alenezi',NULL,'Language Instructor',NULL,NULL,NULL,NULL,9988);
INSERT INTO Employee VALUES (546,'Haifa','Alsarraf',NULL,'Language Instructor',NULL,NULL,NULL,NULL,9988);
INSERT INTO Employee VALUES (547,'Dalal','Albaker',NULL,'Language Instructor',NULL,NULL,NULL,NULL,9988);
INSERT INTO Employee VALUES (548,'Harold','Walker',NULL,'Language Instructor',NULL,NULL,NULL,NULL,9988);
INSERT INTO Employee VALUES (549,'Manal','Almansour',NULL,'Language Instructor',NULL,NULL,NULL,NULL,9988);
INSERT INTO Employee VALUES (550,'Asmaa','Alotaibi',NULL,'Language Instructor',NULL,NULL,NULL,NULL,9988);
INSERT INTO Employee VALUES (551,'Sayed Ahmad','AlMousawi',NULL,'Language Instructor',NULL,NULL,NULL,NULL,9988);
INSERT INTO Employee VALUES (552,'Mohammad','Abdulkareem',NULL,'Language Instructor',NULL,NULL,NULL,NULL,9988);
INSERT INTO Employee VALUES (553,'Osamah','Alattar',NULL,'Language Instructor',NULL,NULL,NULL,NULL,9988);
INSERT INTO Employee VALUES (554,'Anfal','Gholam',NULL,'Language Instructor',NULL,NULL,NULL,NULL,9988);
INSERT INTO Employee VALUES (555,'Maryam','AlFadhli',NULL,'Language Instructor',NULL,NULL,NULL,NULL,9988);
INSERT INTO Employee VALUES (556,'Shaima','Kohari',NULL,'Language Instructor',NULL,NULL,NULL,NULL,9988);
INSERT INTO Employee VALUES (557,'Sundus','Alsabah',NULL,'Language Instructor',NULL,NULL,NULL,NULL,9988);
INSERT INTO Employee VALUES (558,'Abdulrada','BenSalem',NULL,'Language Instructor',NULL,NULL,NULL,NULL,9988);
INSERT INTO Employee VALUES (559,'Kuttiyil','Mathew',NULL,'Language Instructor',NULL,NULL,NULL,NULL,9988);
INSERT INTO Employee VALUES (560,'Aliaa','Busaakhar',NULL,'Language Instructor',NULL,NULL,NULL,NULL,9988);
INSERT INTO Employee VALUES (561,'Nourah','AlMajeed',NULL,'Language Instructor',NULL,NULL,NULL,NULL,9988);
INSERT INTO Employee VALUES (562,'Lulwa','Alkhammash',NULL,'Language Instructor',NULL,NULL,NULL,NULL,9988);
INSERT INTO Employee VALUES (563,'Fatema','Alhallal',NULL,'Language Instructor',NULL,NULL,NULL,NULL,9988);
INSERT INTO Employee VALUES (564,'Mariam','AlShehab',NULL,'Language Instructor',NULL,NULL,NULL,NULL,9988);
INSERT INTO Employee VALUES (565,'Albatool','AlGharabally',NULL,'Language Instructor',NULL,NULL,NULL,NULL,9988);
INSERT INTO Employee VALUES (566,'Ali','Alyousufi',NULL,'Language Instructor',NULL,NULL,NULL,NULL,9988);
INSERT INTO Employee VALUES (567,'Priya','Koshy',NULL,'Language Instructor',NULL,NULL,NULL,NULL,9988);
INSERT INTO Employee VALUES (568,'Reem','Alturkeit',NULL,'Language Instructor',NULL,NULL,NULL,NULL,9988);
INSERT INTO Employee VALUES (569,'Eiman','Alshammari',NULL,'Language Instructor',NULL,NULL,NULL,NULL,9988);
INSERT INTO Employee VALUES (570,'Safa','Hayat',NULL,'Language Instructor',NULL,NULL,NULL,NULL,9988);
INSERT INTO Employee VALUES (571,'Raheel','Alqadiri',NULL,'Language Instructor',NULL,NULL,NULL,NULL,9988);
INSERT INTO Employee VALUES (572,'Fajer','AlFarsi',NULL,'Language Instructor',NULL,NULL,NULL,NULL,9988);
INSERT INTO Employee VALUES (573,'Fatimah','Hassan',NULL,'Language Instructor',NULL,NULL,NULL,NULL,9988);
INSERT INTO Employee VALUES (574,'Dalal','Baithon',NULL,'Language Instructor',NULL,NULL,NULL,NULL,9988);
INSERT INTO Employee VALUES (575,'Nour','Bushehri',NULL,'Language Instructor',NULL,NULL,NULL,NULL,9988);
INSERT INTO Employee VALUES (576,'Elizabeth','Jones',NULL,'Language Instructor',NULL,NULL,NULL,NULL,9988);
INSERT INTO Employee VALUES (577,'Eiman','Alblooshi',NULL,'Language Instructor',NULL,NULL,NULL,NULL,9988);
INSERT INTO Employee VALUES (578,'Sundus','Sulaiman',NULL,'Language Instructor',NULL,NULL,NULL,NULL,9988);
INSERT INTO Employee VALUES (579,'Nadia','Dehrab',NULL,'Language Instructor',NULL,NULL,NULL,NULL,9988);
INSERT INTO Employee VALUES (580,'Anwar','Aladwani',NULL,'Language Instructor',NULL,NULL,NULL,NULL,9988);
INSERT INTO Employee VALUES (581,'Emad','Dorra',NULL,'Language Instructor',NULL,NULL,NULL,NULL,9988);
INSERT INTO Employee VALUES (582,'Virginia','Bastaki',NULL,'Language Instructor',NULL,NULL,NULL,NULL,9988);
INSERT INTO Employee VALUES (583,'Ian','Pond',NULL,'Language Instructor',NULL,NULL,NULL,NULL,9988);
INSERT INTO Employee VALUES (584,'Safaa','Alsalim',NULL,'Language Instructor',NULL,NULL,NULL,NULL,9988);
INSERT INTO Employee VALUES (585,'Hasan','Ebrahim',NULL,'Language Instructor',NULL,NULL,NULL,NULL,9988);
INSERT INTO Employee VALUES (586,'Saleh','Almutairi',NULL,'Language Instructor',NULL,NULL,NULL,NULL,9988);
INSERT INTO Employee VALUES (587,'Sunita','Sethi',NULL,'Language Instructor',NULL,NULL,NULL,NULL,9988);
INSERT INTO Employee VALUES (588,'Shayma','Altattan',NULL,'Language Instructor',NULL,NULL,NULL,NULL,9988);
INSERT INTO Employee VALUES (589,'Hala','Alsammar',NULL,'Language Instructor',NULL,NULL,NULL,NULL,9988);
INSERT INTO Employee VALUES (590,'Ghadah','Alqenai',NULL,'Language Instructor',NULL,NULL,NULL,NULL,9988);
INSERT INTO Employee VALUES (591,'Zahour','Alshammari',NULL,'Language Instructor',NULL,NULL,NULL,NULL,9988);
INSERT INTO Employee VALUES (592,'Eedah','Almutairy',NULL,'Language Instructor',NULL,NULL,NULL,NULL,9988);
INSERT INTO Employee VALUES (593,'Hessa','Alumairi',NULL,'Language Instructor',NULL,NULL,NULL,NULL,9988);
INSERT INTO Employee VALUES (594,'Bazzah','Almudhaf',NULL,'Language Instructor',NULL,NULL,NULL,NULL,9988);
INSERT INTO Employee VALUES (595,'Fatima','Alali',NULL,'Language Instructor',NULL,NULL,NULL,NULL,9988);
INSERT INTO Employee VALUES (596,'Amal','Alhunaidi',NULL,'Language Instructor',NULL,NULL,NULL,NULL,9988);
INSERT INTO Employee VALUES (597,'Dana','Akasha',NULL,'Language Instructor',NULL,NULL,NULL,NULL,9988);
INSERT INTO Employee VALUES (598,'Aisha','AlEssa',NULL,'Language Instructor',NULL,NULL,NULL,NULL,9988);
INSERT INTO Employee VALUES (599,'Dina','Alawdah',NULL,'Language Instructor',NULL,NULL,NULL,NULL,9988);
INSERT INTO Employee VALUES (600,'Sarah','Khaja',NULL,'Language Instructor',NULL,NULL,NULL,NULL,9988);
INSERT INTO Employee VALUES (601,'Sarah','Akbar',NULL,'Language Instructor',NULL,NULL,NULL,NULL,9988);
INSERT INTO Employee VALUES (602,'Ebtihaj','Alzaabi',NULL,'Language Instructor',NULL,NULL,NULL,NULL,9988);
INSERT INTO Employee VALUES (603,'Faten','Nuseibah',NULL,'Language Instructor',NULL,NULL,NULL,NULL,9988);
INSERT INTO Employee VALUES (604,'Saad','Alshammari',NULL,'Language Instructor',NULL,NULL,NULL,NULL,9988);
INSERT INTO Employee VALUES (605,'Amani','BuQammaz',NULL,'Faculty','Assistant Professor',NULL,NULL,NULL,620);
INSERT INTO Employee VALUES (606,'Ebrahim','Alali',NULL,'Faculty','Assistant Professor',NULL,NULL,NULL,620);
INSERT INTO Employee VALUES (607,'Ahmad','Alyoussef',NULL,'Faculty','Assistant Professor',NULL,NULL,NULL,620);
INSERT INTO Employee VALUES (608,'Bandar','AlMutairi',NULL,'Faculty','Assistant Professor',NULL,NULL,NULL,620);
INSERT INTO Employee VALUES (609,'Musaed','Alrashidi',NULL,'Faculty','Assistant Professor',NULL,NULL,NULL,620);
INSERT INTO Employee VALUES (610,'Hayat','Marafie',NULL,'Faculty','Assistant Professor',NULL,NULL,NULL,420);
INSERT INTO Employee VALUES (611,'Mohammed','Hasan',NULL,'Faculty','Assistant Professor',NULL,NULL,NULL,420);
INSERT INTO Employee VALUES (612,'Fatima','Alomran',NULL,'Faculty','Assistant Professor',NULL,NULL,NULL,420);
INSERT INTO Employee VALUES (613,'Amal','Alazemi',NULL,'Faculty','Assistant Professor',NULL,NULL,NULL,420);
INSERT INTO Employee VALUES (614,'Othman','AlFulaig',NULL,'Faculty','Assistant Professor',NULL,NULL,NULL,420);
INSERT INTO Employee VALUES (615,'Najeeb','Alsalim',NULL,'Faculty','Assistant Professor',NULL,NULL,NULL,420);
INSERT INTO Employee VALUES (616,'Ahmed','Karimi',NULL,'Faculty','Assistant Professor',NULL,NULL,NULL,420);
INSERT INTO Employee VALUES (617,'Abrar','Alrashed',NULL,'Faculty','Assistant Professor',NULL,NULL,NULL,420);
INSERT INTO Employee VALUES (618,'Abdulrahman','Alazemi',NULL,'Faculty','Assistant Professor',NULL,NULL,NULL,420);
INSERT INTO Employee VALUES (619,'Najat','Alshatti',NULL,'Faculty','Assistant Professor',NULL,NULL,NULL,420);
INSERT INTO Employee VALUES (620,'Dhuha','AlWahaib',NULL,'Faculty','Assistant Professor',NULL,NULL,NULL,420);
INSERT INTO Employee VALUES (621,'Saad','Makhseed',NULL,'Faculty','Assistant Professor',NULL,NULL,NULL,420);
INSERT INTO Employee VALUES (622,'Sayed','Razee',NULL,'Faculty','Assistant Professor',NULL,NULL,NULL,430);
INSERT INTO Employee VALUES (623,'Hicham','Dib',NULL,'Teaching Assistant',NULL,NULL,NULL,NULL,420);
INSERT INTO Employee VALUES (624,'Sundus','Alawadi',NULL,'Teaching Assistant',NULL,NULL,NULL,NULL,420);
INSERT INTO Employee VALUES (625,'Shekhah','AlKandari',NULL,'Teaching Assistant',NULL,NULL,NULL,NULL,420);
INSERT INTO Employee VALUES (626,'Nabeela','Aman',NULL,'Teaching Assistant',NULL,NULL,NULL,NULL,420);
INSERT INTO Employee VALUES (627,'Abdelzaher','Elassar',NULL,'Teaching Assistant',NULL,NULL,NULL,NULL,420);
INSERT INTO Employee VALUES (628,'Mariam','Abdullah',NULL,'Teaching Assistant',NULL,NULL,NULL,NULL,420);

INSERT INTO similar_faculty (similar_faculty, employee_id) VALUES (1,8);
INSERT INTO similar_faculty (similar_faculty, employee_id) VALUES (1,12);
INSERT INTO similar_faculty (similar_faculty, employee_id) VALUES (1,13);
INSERT INTO similar_faculty (similar_faculty, employee_id) VALUES (5,10);
INSERT INTO similar_faculty (similar_faculty, employee_id) VALUES (5,11);
INSERT INTO similar_faculty (similar_faculty, employee_id) VALUES (5,14);
INSERT INTO similar_faculty (similar_faculty, employee_id) VALUES (5,19);
INSERT INTO similar_faculty (similar_faculty, employee_id) VALUES (6,7);
INSERT INTO similar_faculty (similar_faculty, employee_id) VALUES (6,10);
INSERT INTO similar_faculty (similar_faculty, employee_id) VALUES (6,14);
INSERT INTO similar_faculty (similar_faculty, employee_id) VALUES (6,15);
INSERT INTO similar_faculty (similar_faculty, employee_id) VALUES (6,19);
INSERT INTO similar_faculty (similar_faculty, employee_id) VALUES (6,22);
INSERT INTO similar_faculty (similar_faculty, employee_id) VALUES (7,6);
INSERT INTO similar_faculty (similar_faculty, employee_id) VALUES (7,10);
INSERT INTO similar_faculty (similar_faculty, employee_id) VALUES (7,15);
INSERT INTO similar_faculty (similar_faculty, employee_id) VALUES (7,22);
INSERT INTO similar_faculty (similar_faculty, employee_id) VALUES (8,1);
INSERT INTO similar_faculty (similar_faculty, employee_id) VALUES (8,12);
INSERT INTO similar_faculty (similar_faculty, employee_id) VALUES (8,13);
INSERT INTO similar_faculty (similar_faculty, employee_id) VALUES (8,18);
INSERT INTO similar_faculty (similar_faculty, employee_id) VALUES (9,13);
INSERT INTO similar_faculty (similar_faculty, employee_id) VALUES (10,5);
INSERT INTO similar_faculty (similar_faculty, employee_id) VALUES (10,6);
INSERT INTO similar_faculty (similar_faculty, employee_id) VALUES (10,7);
INSERT INTO similar_faculty (similar_faculty, employee_id) VALUES (10,11);
INSERT INTO similar_faculty (similar_faculty, employee_id) VALUES (10,14);
INSERT INTO similar_faculty (similar_faculty, employee_id) VALUES (10,19);
INSERT INTO similar_faculty (similar_faculty, employee_id) VALUES (10,22);
INSERT INTO similar_faculty (similar_faculty, employee_id) VALUES (11,5);
INSERT INTO similar_faculty (similar_faculty, employee_id) VALUES (11,10);
INSERT INTO similar_faculty (similar_faculty, employee_id) VALUES (11,14);
INSERT INTO similar_faculty (similar_faculty, employee_id) VALUES (11,22);
INSERT INTO similar_faculty (similar_faculty, employee_id) VALUES (12,1);
INSERT INTO similar_faculty (similar_faculty, employee_id) VALUES (12,8);
INSERT INTO similar_faculty (similar_faculty, employee_id) VALUES (12,13);
INSERT INTO similar_faculty (similar_faculty, employee_id) VALUES (12,18);
INSERT INTO similar_faculty (similar_faculty, employee_id) VALUES (13,1);
INSERT INTO similar_faculty (similar_faculty, employee_id) VALUES (13,8);
INSERT INTO similar_faculty (similar_faculty, employee_id) VALUES (13,9);
INSERT INTO similar_faculty (similar_faculty, employee_id) VALUES (13,12);
INSERT INTO similar_faculty (similar_faculty, employee_id) VALUES (13,18);
INSERT INTO similar_faculty (similar_faculty, employee_id) VALUES (14,5);
INSERT INTO similar_faculty (similar_faculty, employee_id) VALUES (14,6);
INSERT INTO similar_faculty (similar_faculty, employee_id) VALUES (14,10);
INSERT INTO similar_faculty (similar_faculty, employee_id) VALUES (14,11);
INSERT INTO similar_faculty (similar_faculty, employee_id) VALUES (14,19);
INSERT INTO similar_faculty (similar_faculty, employee_id) VALUES (14,22);
INSERT INTO similar_faculty (similar_faculty, employee_id) VALUES (15,6);
INSERT INTO similar_faculty (similar_faculty, employee_id) VALUES (15,7);
INSERT INTO similar_faculty (similar_faculty, employee_id) VALUES (15,17);
INSERT INTO similar_faculty (similar_faculty, employee_id) VALUES (15,22);
INSERT INTO similar_faculty (similar_faculty, employee_id) VALUES (17,15);
INSERT INTO similar_faculty (similar_faculty, employee_id) VALUES (17,22);
INSERT INTO similar_faculty (similar_faculty, employee_id) VALUES (18,8);
INSERT INTO similar_faculty (similar_faculty, employee_id) VALUES (18,12);
INSERT INTO similar_faculty (similar_faculty, employee_id) VALUES (18,13);
INSERT INTO similar_faculty (similar_faculty, employee_id) VALUES (19,5);
INSERT INTO similar_faculty (similar_faculty, employee_id) VALUES (19,6);
INSERT INTO similar_faculty (similar_faculty, employee_id) VALUES (19,10);
INSERT INTO similar_faculty (similar_faculty, employee_id) VALUES (19,14);
INSERT INTO similar_faculty (similar_faculty, employee_id) VALUES (19,22);
INSERT INTO similar_faculty (similar_faculty, employee_id) VALUES (22,6);
INSERT INTO similar_faculty (similar_faculty, employee_id) VALUES (22,7);
INSERT INTO similar_faculty (similar_faculty, employee_id) VALUES (22,10);
INSERT INTO similar_faculty (similar_faculty, employee_id) VALUES (22,11);
INSERT INTO similar_faculty (similar_faculty, employee_id) VALUES (22,14);
INSERT INTO similar_faculty (similar_faculty, employee_id) VALUES (22,15);
INSERT INTO similar_faculty (similar_faculty, employee_id) VALUES (22,17);
INSERT INTO similar_faculty (similar_faculty, employee_id) VALUES (22,19);

INSERT INTO auth_user VALUES (1,'pbkdf2_sha256$320000$RYX2M3QRvoQM50MwUwZ5qC$quSW/Vx3JmzmypdKl2gJAKxH5xF7EKIvH4cr70lwZA0=','2022-04-12 08:12:53.233930',1,'ratezone22','','','ratezone22@gmail.com',1,1,'2022-03-23 17:01:34.453761');
INSERT INTO auth_user VALUES (2,'pbkdf2_sha256$320000$gdB3gUdHX1WVkNda3OPKBk$Ydy1AkpTzZ0eRs125CkcCc3iNsJNnkhLa+GN/o21Y1k=',NULL,1,'moe_scrum','Mohamad','Salman','moe@gmail.com',0,1,'2022-03-23 17:02:35.000000');
INSERT INTO auth_user VALUES (3,'pbkdf2_sha256$320000$8DToGIq4gwoHjb8y1vkpRD$AdiyrZvQY6Cxw+RvYm01R4YkLnTtZyC8SGYzrwSEA1M=','2022-04-04 05:30:51.813427',0,'dummy1','','','',0,1,'2022-03-26 13:54:12.764420');
INSERT INTO auth_user VALUES (4,'pbkdf2_sha256$320000$EIPL0lYPryxz4XDzYiKkBY$IzmZ8Pa2cSqZWnQhi3zlzFPi2q5/w+9vX01ijDjKK7M=',NULL,0,'dummy2','','','',0,1,'2022-03-26 13:54:26.674506');
INSERT INTO auth_user VALUES (5,'pbkdf2_sha256$320000$sQfZj83ixNEEDMf3vCp5eK$OAoYePnG/FnFlGMGKN36lBkrtmsy4lC1yxUH+ftV/vM=',NULL,0,'dummy3','','','',0,1,'2022-03-26 13:54:33.183527');
INSERT INTO auth_user VALUES (6,'pbkdf2_sha256$320000$GabItj3NhOQfJJMmf9weuS$5O2QCMaS61yyL2VkT3hHe7LklHd6B7O3ZqnftjjOGes=',NULL,0,'dummy4','','','',0,1,'2022-03-26 13:54:39.954960');
INSERT INTO auth_user VALUES (7,'pbkdf2_sha256$320000$hXWz6mWo2akOSa4xQ5Pc4m$spEZipplPJObAtGMXvLjS9A4dCxpB3uvRiKO0z2GMpw=',NULL,0,'dummy5','','','',0,1,'2022-03-26 13:55:13.791592');
INSERT INTO auth_user VALUES (8,'pbkdf2_sha256$320000$3bOjVaTsZlvR6YaT8zBoek$r5zH60ImNGaanoKel7CXjcXHgvNLHRuPhIftnTiKP6E=',NULL,0,'dummy6','','','',0,1,'2022-03-26 13:55:22.050955');
INSERT INTO auth_user VALUES (9,'pbkdf2_sha256$320000$JIZrAXAVgdm4vcK3sqQSgI$0ttDdU9p0OCyyKUW9CLx4OaxgwJr840tjEa8trCdVR0=',NULL,0,'dummy7','','','',0,1,'2022-03-28 22:16:17.822302');
INSERT INTO auth_user VALUES (10,'pbkdf2_sha256$320000$hXQDrHy4KWwxtdVnmAl9vA$mI5srC6pbX/9QEJyMDZrtSEdsbxImgxBEUWM06GegHE=',NULL,0,'dummy8','','','',0,1,'2022-03-28 22:16:29.121956');
INSERT INTO auth_user VALUES (11,'pbkdf2_sha256$320000$eyAnvy0j8wzNRFS9E0XtSM$ZszEdAFgiW2bgkOyn7Ld73wTTKhD13ZoVLl5sSDAMUY=',NULL,0,'dummy9','','','',0,1,'2022-03-28 22:16:39.822134');
INSERT INTO auth_user VALUES (12,'pbkdf2_sha256$320000$VcUYG6n4dinyK2hapDidMY$hUG3PPFQNdC1r3dFAKLFhUlmtDRkD+G839t/zjXNYoE=',NULL,0,'dummy10','','','',0,1,'2022-03-28 22:17:30.162139');
INSERT INTO auth_user VALUES (13,'pbkdf2_sha256$320000$4VPiPDyU6nqr02wzZPvrPi$AwfAN1R1jrgZfWFiq/P7fxGGsbD9hHY0RKBZPHDpXOU=',NULL,0,'dummy11','','','',0,1,'2022-03-28 22:17:39.594385');
INSERT INTO auth_user VALUES (14,'pbkdf2_sha256$320000$SFnCKnUXoJ500iJkNJFftD$3cLYc02tgoFW6FK7GhvVfpe6KjQBIJzpBdNbd9R52XU=',NULL,0,'dummy12','','','',0,1,'2022-03-28 22:18:12.529987');
INSERT INTO auth_user VALUES (15,'pbkdf2_sha256$320000$VzZNGeBhaa7u9Tk67ZsDp8$NRX+6j1WejlHVgoipmvo+JG6Q1p8vrvv3gQd4T7b478=',NULL,0,'dummy13','','','',0,1,'2022-03-28 22:19:04.565933');
INSERT INTO auth_user VALUES (16,'pbkdf2_sha256$320000$94n2mQbiGf6v8MGT894Jdh$vZuoW7MDPSV0DlgaNHJfzl4rO/3j721e1EAwi3LoicQ=',NULL,0,'dummy14','','','',0,1,'2022-03-28 22:19:23.161968');
INSERT INTO auth_user VALUES (17,'pbkdf2_sha256$320000$Cxp6v0KgxiFU4meVqwPb9k$YYRURs62C2Nn2ZdtCeLV9R39hf9mURSx/3Rsvn89abA=',NULL,0,'dummy15','','','',0,1,'2022-03-28 22:19:36.822497');
INSERT INTO auth_user VALUES (18,'pbkdf2_sha256$320000$O4yrbzPSMBYQcmJWviln7H$BG620G8BTS4th8AHTxTZkMTQxrS7Ax75ntQQ6bi/NNo=',NULL,0,'dummy16','','','',0,1,'2022-03-28 22:19:56.474083');
INSERT INTO auth_user VALUES (19,'pbkdf2_sha256$320000$nj0fsALHZrYNgCQN1eE3Lp$M4eVBYjy4NGNp9iNZIXW9l2syp8vV900zqovCFtUEdg=',NULL,0,'dummy17','','','',0,1,'2022-03-28 22:20:14.322090');
INSERT INTO auth_user VALUES (20,'pbkdf2_sha256$320000$wVIf4bKXr3xjjb2yhG7aYN$vGgdi8LOLvLXEltjUcFVkn5ZY17k1B7E6AVC5KYyXUo=',NULL,0,'dummy18','','','',0,1,'2022-03-28 22:20:23.362166');
INSERT INTO auth_user VALUES (21,'pbkdf2_sha256$320000$RHv3seeF4Wqvymd3uXi7NZ$krOnyK76cOrCYRqr/arGjE06QfRqdTn62pOFfTTXyI8=',NULL,0,'dummy19','','','',0,1,'2022-03-28 22:21:13.922382');
INSERT INTO auth_user VALUES (22,'pbkdf2_sha256$320000$g236fE5hGWuUnpc5wRBefO$pC0qLj11hf+iFeQGM8kuVlkLZD5osOQk6f6JtDg5Wh0=',NULL,0,'dummy20','','','',0,1,'2022-03-28 22:22:37.542061');
INSERT INTO auth_user VALUES (23,'pbkdf2_sha256$320000$ihz8nVQnkhsfsfmvHiGgVA$67IAtJDWqGvkfosfl0/rtr5TK4/toIGaiUxR/2sXspI=',NULL,0,'dummy21','','','',0,1,'2022-03-28 22:22:53.610311');
INSERT INTO auth_user VALUES (24,'pbkdf2_sha256$320000$5L48eKxPDeXZvz6BVVGvH6$r2guEFv5n3aZUmU2OsCzJGrV049t2/d5kemNlCGGZhY=',NULL,0,'dummy22','','','',0,1,'2022-03-28 22:23:12.362110');
INSERT INTO auth_user VALUES (25,'pbkdf2_sha256$320000$jaRGWEOro6cxy5bmwULAda$38nHBstHuVmvYYcTONDhjOQgf9kKgPITtDJt2utt70c=',NULL,0,'dummy23','','','',0,1,'2022-03-28 22:23:25.891986');
INSERT INTO auth_user VALUES (26,'pbkdf2_sha256$320000$zpXi6Ld1AHGiOoXcnMFY8Y$CMGc47K9cRmK7AeqCDOsHjqcBI8RfgaQTjazmvBi2g8=',NULL,0,'dummy24','','','',0,1,'2022-03-28 22:23:37.022373');
INSERT INTO auth_user VALUES (27,'pbkdf2_sha256$320000$qz7UtSVeklP4COwXdhESEe$sOWXTVxhQrhMjglHuvzE/IAZi7v3KyT5Vy74lACgx8g=',NULL,0,'dummy25','','','',0,1,'2022-03-28 22:23:55.061964');
INSERT INTO auth_user VALUES (28,'pbkdf2_sha256$320000$tn7B4YXSeHkjmGvZcYlMEu$dQ0takqetuoq7ey83TYjPjlCxOO7u2BmciFJNg9rGWk=','2022-04-11 08:00:41.354740',0,'omar23','omar','','omarzak2323@gmail.com',0,1,'2022-03-29 03:14:40.405237');
INSERT INTO auth_user VALUES (30,'pbkdf2_sha256$320000$uqe4idYd5LRgizO0OiiqiR$0ypu12AVRzPigeapBPIxKOxtj4necCvHl5q7gg+TMJ0=','2022-04-08 16:23:01.134249',0,'TechnoKing','techno','','techno@gmail.com',0,1,'2022-04-04 08:57:28.090854');
INSERT INTO auth_user VALUES (31,'pbkdf2_sha256$320000$zzLwlo8GDp9g1KtCNsG9VL$6JLIBBGnEZmkNIMCcqCuYavutRe942dMyE+08AmSIpk=','2022-04-12 08:13:26.506245',0,'m','Mohamad','','mohamad.selman@sci.ku.edu.kw',0,1,'2022-04-12 08:13:21.484324');
INSERT INTO auth_user VALUES (32,'!7vHWjsiTsIueqkj9OPkr1VvEKmlGacwvwP3xJyBC','2022-04-17 08:04:19.626607',0,'mohamad','MOHAMAD  ','SELMAN','selman.mohamad@cs.ku.edu.kw',0,1,'2022-04-16 21:39:21.198644');
INSERT INTO auth_user VALUES (33,'!dHACmZ0Dw3RgPc4rNTvbzzcNNumlMDQcxnLtwm95','2022-04-17 08:08:06.427314',0,'mohamad9','Mohamad','Salman','mo7amadsalman2012@gmail.com',0,1,'2022-04-17 08:08:06.362228');
INSERT INTO auth_user VALUES (34,'pbkdf2_sha256$320000$Jq9QNV0hZ0ogS1eYetOI1o$f0LNAOSYwWqvRvJj9O6IghXpFvYJv/YnJBIdaKYtlWs=','2022-04-17 11:09:51.808317',0,'aziz','aziz','','2152135999@cs.ku.edu.kw',0,1,'2022-04-17 11:09:37.830962');

INSERT INTO user_faculty_rev (employee_id, review, user_id, course_id, overall_rating, difficulty_rating, upvotes, downvotes, report_count, semester_period, student_thoughts, teaching_quality) VALUES (1,1,2,NULL,3,3,0,0,0,'','',2);
INSERT INTO user_faculty_rev (employee_id, review, user_id, course_id, overall_rating, difficulty_rating, upvotes, downvotes, report_count, semester_period, student_thoughts, teaching_quality) VALUES (5,2,2,NULL,4,4,0,0,0,'','',5);
INSERT INTO user_faculty_rev (employee_id, review, user_id, course_id, overall_rating, difficulty_rating, upvotes, downvotes, report_count, semester_period, student_thoughts, teaching_quality) VALUES (7,3,2,NULL,4,5,0,0,0,'','',3);
INSERT INTO user_faculty_rev (employee_id, review, user_id, course_id, overall_rating, difficulty_rating, upvotes, downvotes, report_count, semester_period, student_thoughts, teaching_quality) VALUES (8,4,2,NULL,2,3,0,0,0,'','',2);
INSERT INTO user_faculty_rev (employee_id, review, user_id, course_id, overall_rating, difficulty_rating, upvotes, downvotes, report_count, semester_period, student_thoughts, teaching_quality) VALUES (9,5,2,NULL,1,5,0,0,0,'','',1);
INSERT INTO user_faculty_rev (employee_id, review, user_id, course_id, overall_rating, difficulty_rating, upvotes, downvotes, report_count, semester_period, student_thoughts, teaching_quality) VALUES (10,6,2,NULL,4,4,0,0,0,'','',4);
INSERT INTO user_faculty_rev (employee_id, review, user_id, course_id, overall_rating, difficulty_rating, upvotes, downvotes, report_count, semester_period, student_thoughts, teaching_quality) VALUES (11,7,2,NULL,4,4,0,0,0,'','',4);
INSERT INTO user_faculty_rev (employee_id, review, user_id, course_id, overall_rating, difficulty_rating, upvotes, downvotes, report_count, semester_period, student_thoughts, teaching_quality) VALUES (12,8,2,NULL,1,4,0,0,0,'','',1);
INSERT INTO user_faculty_rev (employee_id, review, user_id, course_id, overall_rating, difficulty_rating, upvotes, downvotes, report_count, semester_period, student_thoughts, teaching_quality) VALUES (14,9,2,NULL,4,5,0,0,0,'','',4);
INSERT INTO user_faculty_rev (employee_id, review, user_id, course_id, overall_rating, difficulty_rating, upvotes, downvotes, report_count, semester_period, student_thoughts, teaching_quality) VALUES (17,10,2,NULL,4,5,0,0,0,'','',4);
INSERT INTO user_faculty_rev (employee_id, review, user_id, course_id, overall_rating, difficulty_rating, upvotes, downvotes, report_count, semester_period, student_thoughts, teaching_quality) VALUES (18,11,2,NULL,3,4,0,0,0,'','',1);
INSERT INTO user_faculty_rev (employee_id, review, user_id, course_id, overall_rating, difficulty_rating, upvotes, downvotes, report_count, semester_period, student_thoughts, teaching_quality) VALUES (19,12,2,NULL,4,5,0,0,0,'','',4);
INSERT INTO user_faculty_rev (employee_id, review, user_id, course_id, overall_rating, difficulty_rating, upvotes, downvotes, report_count, semester_period, student_thoughts, teaching_quality) VALUES (5,13,3,NULL,4,5,0,0,0,'','',5);
INSERT INTO user_faculty_rev (employee_id, review, user_id, course_id, overall_rating, difficulty_rating, upvotes, downvotes, report_count, semester_period, student_thoughts, teaching_quality) VALUES (6,14,3,NULL,3,3,0,0,0,'','',4);
INSERT INTO user_faculty_rev (employee_id, review, user_id, course_id, overall_rating, difficulty_rating, upvotes, downvotes, report_count, semester_period, student_thoughts, teaching_quality) VALUES (7,15,3,NULL,5,5,0,0,0,'','',5);
INSERT INTO user_faculty_rev (employee_id, review, user_id, course_id, overall_rating, difficulty_rating, upvotes, downvotes, report_count, semester_period, student_thoughts, teaching_quality) VALUES (8,16,3,NULL,2,1,0,0,0,'','',2);
INSERT INTO user_faculty_rev (employee_id, review, user_id, course_id, overall_rating, difficulty_rating, upvotes, downvotes, report_count, semester_period, student_thoughts, teaching_quality) VALUES (9,17,3,NULL,1,5,0,0,0,'','',1);
INSERT INTO user_faculty_rev (employee_id, review, user_id, course_id, overall_rating, difficulty_rating, upvotes, downvotes, report_count, semester_period, student_thoughts, teaching_quality) VALUES (10,18,3,NULL,4,5,0,0,0,'','',4);
INSERT INTO user_faculty_rev (employee_id, review, user_id, course_id, overall_rating, difficulty_rating, upvotes, downvotes, report_count, semester_period, student_thoughts, teaching_quality) VALUES (11,19,3,NULL,3,5,0,0,0,'','',5);
INSERT INTO user_faculty_rev (employee_id, review, user_id, course_id, overall_rating, difficulty_rating, upvotes, downvotes, report_count, semester_period, student_thoughts, teaching_quality) VALUES (12,20,3,NULL,3,1,0,0,0,'','',2);
INSERT INTO user_faculty_rev (employee_id, review, user_id, course_id, overall_rating, difficulty_rating, upvotes, downvotes, report_count, semester_period, student_thoughts, teaching_quality) VALUES (13,21,3,NULL,2,5,0,0,0,'','',1);
INSERT INTO user_faculty_rev (employee_id, review, user_id, course_id, overall_rating, difficulty_rating, upvotes, downvotes, report_count, semester_period, student_thoughts, teaching_quality) VALUES (15,22,3,NULL,5,3,0,0,0,'','',5);
INSERT INTO user_faculty_rev (employee_id, review, user_id, course_id, overall_rating, difficulty_rating, upvotes, downvotes, report_count, semester_period, student_thoughts, teaching_quality) VALUES (17,23,3,NULL,5,2,0,0,0,'','',5);
INSERT INTO user_faculty_rev (employee_id, review, user_id, course_id, overall_rating, difficulty_rating, upvotes, downvotes, report_count, semester_period, student_thoughts, teaching_quality) VALUES (18,24,3,NULL,1,5,0,0,0,'','',1);
INSERT INTO user_faculty_rev (employee_id, review, user_id, course_id, overall_rating, difficulty_rating, upvotes, downvotes, report_count, semester_period, student_thoughts, teaching_quality) VALUES (19,25,3,NULL,4,4,0,0,0,'','',4);
INSERT INTO user_faculty_rev (employee_id, review, user_id, course_id, overall_rating, difficulty_rating, upvotes, downvotes, report_count, semester_period, student_thoughts, teaching_quality) VALUES (22,26,3,NULL,5,4,0,0,0,'','',5);
INSERT INTO user_faculty_rev (employee_id, review, user_id, course_id, overall_rating, difficulty_rating, upvotes, downvotes, report_count, semester_period, student_thoughts, teaching_quality) VALUES (6,27,4,NULL,4,3,0,0,0,'','',4);
INSERT INTO user_faculty_rev (employee_id, review, user_id, course_id, overall_rating, difficulty_rating, upvotes, downvotes, report_count, semester_period, student_thoughts, teaching_quality) VALUES (7,28,4,NULL,5,1,0,0,0,'','',5);
INSERT INTO user_faculty_rev (employee_id, review, user_id, course_id, overall_rating, difficulty_rating, upvotes, downvotes, report_count, semester_period, student_thoughts, teaching_quality) VALUES (8,29,4,NULL,3,4,0,0,0,'','',1);
INSERT INTO user_faculty_rev (employee_id, review, user_id, course_id, overall_rating, difficulty_rating, upvotes, downvotes, report_count, semester_period, student_thoughts, teaching_quality) VALUES (9,30,4,NULL,1,5,0,0,0,'','',1);
INSERT INTO user_faculty_rev (employee_id, review, user_id, course_id, overall_rating, difficulty_rating, upvotes, downvotes, report_count, semester_period, student_thoughts, teaching_quality) VALUES (10,31,4,NULL,3,4,0,0,0,'','',4);
INSERT INTO user_faculty_rev (employee_id, review, user_id, course_id, overall_rating, difficulty_rating, upvotes, downvotes, report_count, semester_period, student_thoughts, teaching_quality) VALUES (11,32,4,NULL,5,3,0,0,0,'','',5);
INSERT INTO user_faculty_rev (employee_id, review, user_id, course_id, overall_rating, difficulty_rating, upvotes, downvotes, report_count, semester_period, student_thoughts, teaching_quality) VALUES (12,33,4,NULL,4,2,0,0,0,'','',2);
INSERT INTO user_faculty_rev (employee_id, review, user_id, course_id, overall_rating, difficulty_rating, upvotes, downvotes, report_count, semester_period, student_thoughts, teaching_quality) VALUES (13,34,4,NULL,1,3,0,0,0,'','',1);
INSERT INTO user_faculty_rev (employee_id, review, user_id, course_id, overall_rating, difficulty_rating, upvotes, downvotes, report_count, semester_period, student_thoughts, teaching_quality) VALUES (14,35,4,NULL,5,4,0,0,0,'','',5);
INSERT INTO user_faculty_rev (employee_id, review, user_id, course_id, overall_rating, difficulty_rating, upvotes, downvotes, report_count, semester_period, student_thoughts, teaching_quality) VALUES (15,36,4,NULL,5,1,0,0,0,'','',5);
INSERT INTO user_faculty_rev (employee_id, review, user_id, course_id, overall_rating, difficulty_rating, upvotes, downvotes, report_count, semester_period, student_thoughts, teaching_quality) VALUES (17,37,4,NULL,5,1,0,0,0,'','',5);
INSERT INTO user_faculty_rev (employee_id, review, user_id, course_id, overall_rating, difficulty_rating, upvotes, downvotes, report_count, semester_period, student_thoughts, teaching_quality) VALUES (18,38,4,NULL,1,3,0,0,0,'','',1);
INSERT INTO user_faculty_rev (employee_id, review, user_id, course_id, overall_rating, difficulty_rating, upvotes, downvotes, report_count, semester_period, student_thoughts, teaching_quality) VALUES (19,39,4,NULL,5,3,0,0,0,'','',5);
INSERT INTO user_faculty_rev (employee_id, review, user_id, course_id, overall_rating, difficulty_rating, upvotes, downvotes, report_count, semester_period, student_thoughts, teaching_quality) VALUES (5,40,5,NULL,4,4,0,0,0,'','',5);
INSERT INTO user_faculty_rev (employee_id, review, user_id, course_id, overall_rating, difficulty_rating, upvotes, downvotes, report_count, semester_period, student_thoughts, teaching_quality) VALUES (6,41,5,NULL,1,5,0,0,0,'','',1);
INSERT INTO user_faculty_rev (employee_id, review, user_id, course_id, overall_rating, difficulty_rating, upvotes, downvotes, report_count, semester_period, student_thoughts, teaching_quality) VALUES (7,42,5,NULL,3,3,0,0,0,'','',4);
INSERT INTO user_faculty_rev (employee_id, review, user_id, course_id, overall_rating, difficulty_rating, upvotes, downvotes, report_count, semester_period, student_thoughts, teaching_quality) VALUES (8,43,5,NULL,3,4,0,0,0,'','',2);
INSERT INTO user_faculty_rev (employee_id, review, user_id, course_id, overall_rating, difficulty_rating, upvotes, downvotes, report_count, semester_period, student_thoughts, teaching_quality) VALUES (9,44,5,NULL,5,1,0,0,0,'','',5);
INSERT INTO user_faculty_rev (employee_id, review, user_id, course_id, overall_rating, difficulty_rating, upvotes, downvotes, report_count, semester_period, student_thoughts, teaching_quality) VALUES (10,45,5,NULL,4,3,0,0,0,'','',4);
INSERT INTO user_faculty_rev (employee_id, review, user_id, course_id, overall_rating, difficulty_rating, upvotes, downvotes, report_count, semester_period, student_thoughts, teaching_quality) VALUES (13,46,5,NULL,2,3,0,0,0,'','',1);
INSERT INTO user_faculty_rev (employee_id, review, user_id, course_id, overall_rating, difficulty_rating, upvotes, downvotes, report_count, semester_period, student_thoughts, teaching_quality) VALUES (14,47,5,NULL,4,4,0,0,0,'','',5);
INSERT INTO user_faculty_rev (employee_id, review, user_id, course_id, overall_rating, difficulty_rating, upvotes, downvotes, report_count, semester_period, student_thoughts, teaching_quality) VALUES (15,48,5,NULL,5,3,0,0,0,'','',5);
INSERT INTO user_faculty_rev (employee_id, review, user_id, course_id, overall_rating, difficulty_rating, upvotes, downvotes, report_count, semester_period, student_thoughts, teaching_quality) VALUES (17,49,5,NULL,5,3,0,0,0,'','',5);
INSERT INTO user_faculty_rev (employee_id, review, user_id, course_id, overall_rating, difficulty_rating, upvotes, downvotes, report_count, semester_period, student_thoughts, teaching_quality) VALUES (19,50,5,NULL,2,5,0,0,0,'','',3);
INSERT INTO user_faculty_rev (employee_id, review, user_id, course_id, overall_rating, difficulty_rating, upvotes, downvotes, report_count, semester_period, student_thoughts, teaching_quality) VALUES (22,51,5,NULL,4,3,0,0,0,'','',4);
INSERT INTO user_faculty_rev (employee_id, review, user_id, course_id, overall_rating, difficulty_rating, upvotes, downvotes, report_count, semester_period, student_thoughts, teaching_quality) VALUES (5,52,6,NULL,4,4,0,0,0,'','',4);
INSERT INTO user_faculty_rev (employee_id, review, user_id, course_id, overall_rating, difficulty_rating, upvotes, downvotes, report_count, semester_period, student_thoughts, teaching_quality) VALUES (6,53,6,NULL,4,2,0,0,0,'','',4);
INSERT INTO user_faculty_rev (employee_id, review, user_id, course_id, overall_rating, difficulty_rating, upvotes, downvotes, report_count, semester_period, student_thoughts, teaching_quality) VALUES (7,54,6,NULL,5,2,0,0,0,'','',4);
INSERT INTO user_faculty_rev (employee_id, review, user_id, course_id, overall_rating, difficulty_rating, upvotes, downvotes, report_count, semester_period, student_thoughts, teaching_quality) VALUES (8,55,6,NULL,1,2,0,0,0,'','',1);
INSERT INTO user_faculty_rev (employee_id, review, user_id, course_id, overall_rating, difficulty_rating, upvotes, downvotes, report_count, semester_period, student_thoughts, teaching_quality) VALUES (9,56,6,NULL,1,5,0,0,0,'','',1);
INSERT INTO user_faculty_rev (employee_id, review, user_id, course_id, overall_rating, difficulty_rating, upvotes, downvotes, report_count, semester_period, student_thoughts, teaching_quality) VALUES (10,57,6,NULL,4,5,0,0,0,'','',4);
INSERT INTO user_faculty_rev (employee_id, review, user_id, course_id, overall_rating, difficulty_rating, upvotes, downvotes, report_count, semester_period, student_thoughts, teaching_quality) VALUES (11,58,6,NULL,4,4,0,0,0,'','',4);
INSERT INTO user_faculty_rev (employee_id, review, user_id, course_id, overall_rating, difficulty_rating, upvotes, downvotes, report_count, semester_period, student_thoughts, teaching_quality) VALUES (12,59,6,NULL,2,4,0,0,0,'','',2);
INSERT INTO user_faculty_rev (employee_id, review, user_id, course_id, overall_rating, difficulty_rating, upvotes, downvotes, report_count, semester_period, student_thoughts, teaching_quality) VALUES (13,60,6,NULL,2,4,0,0,0,'','',2);
INSERT INTO user_faculty_rev (employee_id, review, user_id, course_id, overall_rating, difficulty_rating, upvotes, downvotes, report_count, semester_period, student_thoughts, teaching_quality) VALUES (14,61,6,NULL,4,4,0,0,0,'','',4);
INSERT INTO user_faculty_rev (employee_id, review, user_id, course_id, overall_rating, difficulty_rating, upvotes, downvotes, report_count, semester_period, student_thoughts, teaching_quality) VALUES (15,62,6,NULL,5,1,0,0,0,'','',5);
INSERT INTO user_faculty_rev (employee_id, review, user_id, course_id, overall_rating, difficulty_rating, upvotes, downvotes, report_count, semester_period, student_thoughts, teaching_quality) VALUES (17,63,6,NULL,5,2,0,0,0,'','',5);
INSERT INTO user_faculty_rev (employee_id, review, user_id, course_id, overall_rating, difficulty_rating, upvotes, downvotes, report_count, semester_period, student_thoughts, teaching_quality) VALUES (18,64,6,NULL,1,3,0,0,0,'','',1);
INSERT INTO user_faculty_rev (employee_id, review, user_id, course_id, overall_rating, difficulty_rating, upvotes, downvotes, report_count, semester_period, student_thoughts, teaching_quality) VALUES (19,65,6,NULL,3,4,0,0,0,'','',3);
INSERT INTO user_faculty_rev (employee_id, review, user_id, course_id, overall_rating, difficulty_rating, upvotes, downvotes, report_count, semester_period, student_thoughts, teaching_quality) VALUES (22,66,6,NULL,4,3,0,0,0,'','',4);
INSERT INTO user_faculty_rev (employee_id, review, user_id, course_id, overall_rating, difficulty_rating, upvotes, downvotes, report_count, semester_period, student_thoughts, teaching_quality) VALUES (1,67,7,NULL,1,3,0,0,0,'','',1);
INSERT INTO user_faculty_rev (employee_id, review, user_id, course_id, overall_rating, difficulty_rating, upvotes, downvotes, report_count, semester_period, student_thoughts, teaching_quality) VALUES (5,68,7,NULL,5,5,0,0,0,'','',4);
INSERT INTO user_faculty_rev (employee_id, review, user_id, course_id, overall_rating, difficulty_rating, upvotes, downvotes, report_count, semester_period, student_thoughts, teaching_quality) VALUES (6,69,7,NULL,4,2,0,0,0,'','',4);
INSERT INTO user_faculty_rev (employee_id, review, user_id, course_id, overall_rating, difficulty_rating, upvotes, downvotes, report_count, semester_period, student_thoughts, teaching_quality) VALUES (7,70,7,NULL,3,3,0,0,0,'','',3);
INSERT INTO user_faculty_rev (employee_id, review, user_id, course_id, overall_rating, difficulty_rating, upvotes, downvotes, report_count, semester_period, student_thoughts, teaching_quality) VALUES (8,71,7,NULL,2,3,0,0,0,'','',1);
INSERT INTO user_faculty_rev (employee_id, review, user_id, course_id, overall_rating, difficulty_rating, upvotes, downvotes, report_count, semester_period, student_thoughts, teaching_quality) VALUES (9,72,7,NULL,1,4,0,0,0,'','',1);
INSERT INTO user_faculty_rev (employee_id, review, user_id, course_id, overall_rating, difficulty_rating, upvotes, downvotes, report_count, semester_period, student_thoughts, teaching_quality) VALUES (10,73,7,NULL,3,5,0,0,0,'','',5);
INSERT INTO user_faculty_rev (employee_id, review, user_id, course_id, overall_rating, difficulty_rating, upvotes, downvotes, report_count, semester_period, student_thoughts, teaching_quality) VALUES (11,74,7,NULL,4,3,0,0,0,'','',5);
INSERT INTO user_faculty_rev (employee_id, review, user_id, course_id, overall_rating, difficulty_rating, upvotes, downvotes, report_count, semester_period, student_thoughts, teaching_quality) VALUES (12,75,7,NULL,2,4,0,0,0,'','',1);
INSERT INTO user_faculty_rev (employee_id, review, user_id, course_id, overall_rating, difficulty_rating, upvotes, downvotes, report_count, semester_period, student_thoughts, teaching_quality) VALUES (13,76,7,NULL,2,3,0,0,0,'','',1);
INSERT INTO user_faculty_rev (employee_id, review, user_id, course_id, overall_rating, difficulty_rating, upvotes, downvotes, report_count, semester_period, student_thoughts, teaching_quality) VALUES (14,77,7,NULL,3,4,0,0,0,'','',3);
INSERT INTO user_faculty_rev (employee_id, review, user_id, course_id, overall_rating, difficulty_rating, upvotes, downvotes, report_count, semester_period, student_thoughts, teaching_quality) VALUES (15,78,7,NULL,4,3,0,0,0,'','',2);
INSERT INTO user_faculty_rev (employee_id, review, user_id, course_id, overall_rating, difficulty_rating, upvotes, downvotes, report_count, semester_period, student_thoughts, teaching_quality) VALUES (17,79,7,NULL,5,3,0,0,0,'','',4);
INSERT INTO user_faculty_rev (employee_id, review, user_id, course_id, overall_rating, difficulty_rating, upvotes, downvotes, report_count, semester_period, student_thoughts, teaching_quality) VALUES (18,80,7,NULL,1,3,0,0,0,'','',1);
INSERT INTO user_faculty_rev (employee_id, review, user_id, course_id, overall_rating, difficulty_rating, upvotes, downvotes, report_count, semester_period, student_thoughts, teaching_quality) VALUES (19,81,7,NULL,4,4,0,0,0,'','',4);
INSERT INTO user_faculty_rev (employee_id, review, user_id, course_id, overall_rating, difficulty_rating, upvotes, downvotes, report_count, semester_period, student_thoughts, teaching_quality) VALUES (22,82,7,NULL,4,3,0,0,0,'','',4);
INSERT INTO user_faculty_rev (employee_id, review, user_id, course_id, overall_rating, difficulty_rating, upvotes, downvotes, report_count, semester_period, student_thoughts, teaching_quality) VALUES (5,83,8,NULL,5,4,0,0,0,'','',5);
INSERT INTO user_faculty_rev (employee_id, review, user_id, course_id, overall_rating, difficulty_rating, upvotes, downvotes, report_count, semester_period, student_thoughts, teaching_quality) VALUES (6,84,8,NULL,4,2,0,0,0,'','',4);
INSERT INTO user_faculty_rev (employee_id, review, user_id, course_id, overall_rating, difficulty_rating, upvotes, downvotes, report_count, semester_period, student_thoughts, teaching_quality) VALUES (7,85,8,NULL,5,2,0,0,0,'','',5);
INSERT INTO user_faculty_rev (employee_id, review, user_id, course_id, overall_rating, difficulty_rating, upvotes, downvotes, report_count, semester_period, student_thoughts, teaching_quality) VALUES (9,86,8,NULL,1,5,0,0,0,'','',1);
INSERT INTO user_faculty_rev (employee_id, review, user_id, course_id, overall_rating, difficulty_rating, upvotes, downvotes, report_count, semester_period, student_thoughts, teaching_quality) VALUES (11,87,8,NULL,5,4,0,0,0,'','',5);
INSERT INTO user_faculty_rev (employee_id, review, user_id, course_id, overall_rating, difficulty_rating, upvotes, downvotes, report_count, semester_period, student_thoughts, teaching_quality) VALUES (12,88,8,NULL,2,2,0,0,0,'','',2);
INSERT INTO user_faculty_rev (employee_id, review, user_id, course_id, overall_rating, difficulty_rating, upvotes, downvotes, report_count, semester_period, student_thoughts, teaching_quality) VALUES (13,89,8,NULL,3,3,0,0,0,'','',2);
INSERT INTO user_faculty_rev (employee_id, review, user_id, course_id, overall_rating, difficulty_rating, upvotes, downvotes, report_count, semester_period, student_thoughts, teaching_quality) VALUES (14,90,8,NULL,4,3,0,0,0,'','',5);
INSERT INTO user_faculty_rev (employee_id, review, user_id, course_id, overall_rating, difficulty_rating, upvotes, downvotes, report_count, semester_period, student_thoughts, teaching_quality) VALUES (15,91,8,NULL,4,2,0,0,0,'','',5);
INSERT INTO user_faculty_rev (employee_id, review, user_id, course_id, overall_rating, difficulty_rating, upvotes, downvotes, report_count, semester_period, student_thoughts, teaching_quality) VALUES (17,92,8,NULL,5,1,0,0,0,'','',5);
INSERT INTO user_faculty_rev (employee_id, review, user_id, course_id, overall_rating, difficulty_rating, upvotes, downvotes, report_count, semester_period, student_thoughts, teaching_quality) VALUES (18,93,8,NULL,1,2,0,0,0,'','',1);
INSERT INTO user_faculty_rev (employee_id, review, user_id, course_id, overall_rating, difficulty_rating, upvotes, downvotes, report_count, semester_period, student_thoughts, teaching_quality) VALUES (19,94,8,NULL,5,5,0,0,0,'','',5);
INSERT INTO user_faculty_rev (employee_id, review, user_id, course_id, overall_rating, difficulty_rating, upvotes, downvotes, report_count, semester_period, student_thoughts, teaching_quality) VALUES (22,95,8,NULL,5,2,0,0,0,'','',5);
INSERT INTO user_faculty_rev (employee_id, review, user_id, course_id, overall_rating, difficulty_rating, upvotes, downvotes, report_count, semester_period, student_thoughts, teaching_quality) VALUES (1,96,9,NULL,2,3,0,0,0,'','',1);
INSERT INTO user_faculty_rev (employee_id, review, user_id, course_id, overall_rating, difficulty_rating, upvotes, downvotes, report_count, semester_period, student_thoughts, teaching_quality) VALUES (5,97,9,NULL,4,5,0,0,0,'','',5);
INSERT INTO user_faculty_rev (employee_id, review, user_id, course_id, overall_rating, difficulty_rating, upvotes, downvotes, report_count, semester_period, student_thoughts, teaching_quality) VALUES (6,98,9,NULL,3,3,0,0,0,'','',4);
INSERT INTO user_faculty_rev (employee_id, review, user_id, course_id, overall_rating, difficulty_rating, upvotes, downvotes, report_count, semester_period, student_thoughts, teaching_quality) VALUES (7,99,9,NULL,3,3,0,0,0,'','',3);
INSERT INTO user_faculty_rev (employee_id, review, user_id, course_id, overall_rating, difficulty_rating, upvotes, downvotes, report_count, semester_period, student_thoughts, teaching_quality) VALUES (8,100,9,NULL,2,2,0,0,0,'','',1);
INSERT INTO user_faculty_rev (employee_id, review, user_id, course_id, overall_rating, difficulty_rating, upvotes, downvotes, report_count, semester_period, student_thoughts, teaching_quality) VALUES (9,101,9,NULL,1,5,0,0,0,'','',1);
INSERT INTO user_faculty_rev (employee_id, review, user_id, course_id, overall_rating, difficulty_rating, upvotes, downvotes, report_count, semester_period, student_thoughts, teaching_quality) VALUES (10,102,9,NULL,4,4,0,0,0,'','',4);
INSERT INTO user_faculty_rev (employee_id, review, user_id, course_id, overall_rating, difficulty_rating, upvotes, downvotes, report_count, semester_period, student_thoughts, teaching_quality) VALUES (11,103,9,NULL,5,4,0,0,0,'','',5);
INSERT INTO user_faculty_rev (employee_id, review, user_id, course_id, overall_rating, difficulty_rating, upvotes, downvotes, report_count, semester_period, student_thoughts, teaching_quality) VALUES (12,104,9,NULL,2,3,0,0,0,'','',1);
INSERT INTO user_faculty_rev (employee_id, review, user_id, course_id, overall_rating, difficulty_rating, upvotes, downvotes, report_count, semester_period, student_thoughts, teaching_quality) VALUES (13,105,9,NULL,4,3,0,0,0,'','',3);
INSERT INTO user_faculty_rev (employee_id, review, user_id, course_id, overall_rating, difficulty_rating, upvotes, downvotes, report_count, semester_period, student_thoughts, teaching_quality) VALUES (14,106,9,NULL,3,4,0,0,0,'','',3);
INSERT INTO user_faculty_rev (employee_id, review, user_id, course_id, overall_rating, difficulty_rating, upvotes, downvotes, report_count, semester_period, student_thoughts, teaching_quality) VALUES (15,107,9,NULL,4,2,0,0,0,'','',3);
INSERT INTO user_faculty_rev (employee_id, review, user_id, course_id, overall_rating, difficulty_rating, upvotes, downvotes, report_count, semester_period, student_thoughts, teaching_quality) VALUES (17,108,9,NULL,5,2,0,0,0,'','',5);
INSERT INTO user_faculty_rev (employee_id, review, user_id, course_id, overall_rating, difficulty_rating, upvotes, downvotes, report_count, semester_period, student_thoughts, teaching_quality) VALUES (18,109,9,NULL,1,3,0,0,0,'','',1);
INSERT INTO user_faculty_rev (employee_id, review, user_id, course_id, overall_rating, difficulty_rating, upvotes, downvotes, report_count, semester_period, student_thoughts, teaching_quality) VALUES (19,110,9,NULL,4,4,0,0,0,'','',4);
INSERT INTO user_faculty_rev (employee_id, review, user_id, course_id, overall_rating, difficulty_rating, upvotes, downvotes, report_count, semester_period, student_thoughts, teaching_quality) VALUES (22,111,9,NULL,4,4,0,0,0,'','',4);
INSERT INTO user_faculty_rev (employee_id, review, user_id, course_id, overall_rating, difficulty_rating, upvotes, downvotes, report_count, semester_period, student_thoughts, teaching_quality) VALUES (1,112,10,NULL,5,3,0,0,0,'','',5);
INSERT INTO user_faculty_rev (employee_id, review, user_id, course_id, overall_rating, difficulty_rating, upvotes, downvotes, report_count, semester_period, student_thoughts, teaching_quality) VALUES (5,113,10,NULL,5,4,0,0,0,'','',5);
INSERT INTO user_faculty_rev (employee_id, review, user_id, course_id, overall_rating, difficulty_rating, upvotes, downvotes, report_count, semester_period, student_thoughts, teaching_quality) VALUES (6,114,10,NULL,5,3,0,0,0,'','',4);
INSERT INTO user_faculty_rev (employee_id, review, user_id, course_id, overall_rating, difficulty_rating, upvotes, downvotes, report_count, semester_period, student_thoughts, teaching_quality) VALUES (8,115,10,NULL,4,3,0,0,0,'','',4);
INSERT INTO user_faculty_rev (employee_id, review, user_id, course_id, overall_rating, difficulty_rating, upvotes, downvotes, report_count, semester_period, student_thoughts, teaching_quality) VALUES (9,116,10,NULL,4,4,0,0,0,'','',3);
INSERT INTO user_faculty_rev (employee_id, review, user_id, course_id, overall_rating, difficulty_rating, upvotes, downvotes, report_count, semester_period, student_thoughts, teaching_quality) VALUES (10,117,10,NULL,1,4,0,0,0,'','',2);
INSERT INTO user_faculty_rev (employee_id, review, user_id, course_id, overall_rating, difficulty_rating, upvotes, downvotes, report_count, semester_period, student_thoughts, teaching_quality) VALUES (11,118,10,NULL,5,3,0,0,0,'','',5);
INSERT INTO user_faculty_rev (employee_id, review, user_id, course_id, overall_rating, difficulty_rating, upvotes, downvotes, report_count, semester_period, student_thoughts, teaching_quality) VALUES (13,119,10,NULL,3,4,0,0,0,'','',2);
INSERT INTO user_faculty_rev (employee_id, review, user_id, course_id, overall_rating, difficulty_rating, upvotes, downvotes, report_count, semester_period, student_thoughts, teaching_quality) VALUES (19,120,10,NULL,5,3,0,0,0,'','',5);
INSERT INTO user_faculty_rev (employee_id, review, user_id, course_id, overall_rating, difficulty_rating, upvotes, downvotes, report_count, semester_period, student_thoughts, teaching_quality) VALUES (22,121,10,NULL,3,3,0,0,0,'','',3);
INSERT INTO user_faculty_rev (employee_id, review, user_id, course_id, overall_rating, difficulty_rating, upvotes, downvotes, report_count, semester_period, student_thoughts, teaching_quality) VALUES (1,122,11,NULL,1,3,0,0,0,'','',1);
INSERT INTO user_faculty_rev (employee_id, review, user_id, course_id, overall_rating, difficulty_rating, upvotes, downvotes, report_count, semester_period, student_thoughts, teaching_quality) VALUES (5,123,11,NULL,5,5,0,0,0,'','',5);
INSERT INTO user_faculty_rev (employee_id, review, user_id, course_id, overall_rating, difficulty_rating, upvotes, downvotes, report_count, semester_period, student_thoughts, teaching_quality) VALUES (6,124,11,NULL,4,3,0,0,0,'','',4);
INSERT INTO user_faculty_rev (employee_id, review, user_id, course_id, overall_rating, difficulty_rating, upvotes, downvotes, report_count, semester_period, student_thoughts, teaching_quality) VALUES (7,125,11,NULL,3,4,0,0,0,'','',3);
INSERT INTO user_faculty_rev (employee_id, review, user_id, course_id, overall_rating, difficulty_rating, upvotes, downvotes, report_count, semester_period, student_thoughts, teaching_quality) VALUES (8,126,11,NULL,2,3,0,0,0,'','',1);
INSERT INTO user_faculty_rev (employee_id, review, user_id, course_id, overall_rating, difficulty_rating, upvotes, downvotes, report_count, semester_period, student_thoughts, teaching_quality) VALUES (9,127,11,NULL,3,5,0,0,0,'','',3);
INSERT INTO user_faculty_rev (employee_id, review, user_id, course_id, overall_rating, difficulty_rating, upvotes, downvotes, report_count, semester_period, student_thoughts, teaching_quality) VALUES (10,128,11,NULL,4,5,0,0,0,'','',4);
INSERT INTO user_faculty_rev (employee_id, review, user_id, course_id, overall_rating, difficulty_rating, upvotes, downvotes, report_count, semester_period, student_thoughts, teaching_quality) VALUES (11,129,11,NULL,5,5,0,0,0,'','',5);
INSERT INTO user_faculty_rev (employee_id, review, user_id, course_id, overall_rating, difficulty_rating, upvotes, downvotes, report_count, semester_period, student_thoughts, teaching_quality) VALUES (12,130,11,NULL,1,4,0,0,0,'','',1);
INSERT INTO user_faculty_rev (employee_id, review, user_id, course_id, overall_rating, difficulty_rating, upvotes, downvotes, report_count, semester_period, student_thoughts, teaching_quality) VALUES (13,131,11,NULL,5,4,0,0,0,'','',4);
INSERT INTO user_faculty_rev (employee_id, review, user_id, course_id, overall_rating, difficulty_rating, upvotes, downvotes, report_count, semester_period, student_thoughts, teaching_quality) VALUES (14,132,11,NULL,3,5,0,0,0,'','',4);
INSERT INTO user_faculty_rev (employee_id, review, user_id, course_id, overall_rating, difficulty_rating, upvotes, downvotes, report_count, semester_period, student_thoughts, teaching_quality) VALUES (15,133,11,NULL,4,3,0,0,0,'','',3);
INSERT INTO user_faculty_rev (employee_id, review, user_id, course_id, overall_rating, difficulty_rating, upvotes, downvotes, report_count, semester_period, student_thoughts, teaching_quality) VALUES (17,134,11,NULL,5,3,0,0,0,'','',5);
INSERT INTO user_faculty_rev (employee_id, review, user_id, course_id, overall_rating, difficulty_rating, upvotes, downvotes, report_count, semester_period, student_thoughts, teaching_quality) VALUES (18,135,11,NULL,1,3,0,0,0,'','',1);
INSERT INTO user_faculty_rev (employee_id, review, user_id, course_id, overall_rating, difficulty_rating, upvotes, downvotes, report_count, semester_period, student_thoughts, teaching_quality) VALUES (19,136,11,NULL,5,4,0,0,0,'','',4);
INSERT INTO user_faculty_rev (employee_id, review, user_id, course_id, overall_rating, difficulty_rating, upvotes, downvotes, report_count, semester_period, student_thoughts, teaching_quality) VALUES (22,137,11,NULL,5,4,0,0,0,'','',3);
INSERT INTO user_faculty_rev (employee_id, review, user_id, course_id, overall_rating, difficulty_rating, upvotes, downvotes, report_count, semester_period, student_thoughts, teaching_quality) VALUES (1,138,12,NULL,3,2,0,0,0,'','',3);
INSERT INTO user_faculty_rev (employee_id, review, user_id, course_id, overall_rating, difficulty_rating, upvotes, downvotes, report_count, semester_period, student_thoughts, teaching_quality) VALUES (5,139,12,NULL,4,5,0,0,0,'','',4);
INSERT INTO user_faculty_rev (employee_id, review, user_id, course_id, overall_rating, difficulty_rating, upvotes, downvotes, report_count, semester_period, student_thoughts, teaching_quality) VALUES (6,140,12,NULL,3,3,0,0,0,'','',3);
INSERT INTO user_faculty_rev (employee_id, review, user_id, course_id, overall_rating, difficulty_rating, upvotes, downvotes, report_count, semester_period, student_thoughts, teaching_quality) VALUES (7,141,12,NULL,3,2,0,0,0,'','',2);
INSERT INTO user_faculty_rev (employee_id, review, user_id, course_id, overall_rating, difficulty_rating, upvotes, downvotes, report_count, semester_period, student_thoughts, teaching_quality) VALUES (9,142,12,NULL,1,5,0,0,0,'','',1);
INSERT INTO user_faculty_rev (employee_id, review, user_id, course_id, overall_rating, difficulty_rating, upvotes, downvotes, report_count, semester_period, student_thoughts, teaching_quality) VALUES (10,143,12,NULL,4,2,0,0,0,'','',3);
INSERT INTO user_faculty_rev (employee_id, review, user_id, course_id, overall_rating, difficulty_rating, upvotes, downvotes, report_count, semester_period, student_thoughts, teaching_quality) VALUES (13,144,12,NULL,3,1,0,0,0,'','',3);
INSERT INTO user_faculty_rev (employee_id, review, user_id, course_id, overall_rating, difficulty_rating, upvotes, downvotes, report_count, semester_period, student_thoughts, teaching_quality) VALUES (14,145,12,NULL,5,4,0,0,0,'','',5);
INSERT INTO user_faculty_rev (employee_id, review, user_id, course_id, overall_rating, difficulty_rating, upvotes, downvotes, report_count, semester_period, student_thoughts, teaching_quality) VALUES (19,146,12,NULL,1,4,0,0,0,'','',1);
INSERT INTO user_faculty_rev (employee_id, review, user_id, course_id, overall_rating, difficulty_rating, upvotes, downvotes, report_count, semester_period, student_thoughts, teaching_quality) VALUES (1,147,13,NULL,5,1,0,0,0,'','',5);
INSERT INTO user_faculty_rev (employee_id, review, user_id, course_id, overall_rating, difficulty_rating, upvotes, downvotes, report_count, semester_period, student_thoughts, teaching_quality) VALUES (5,148,13,NULL,5,2,0,0,0,'','',4);
INSERT INTO user_faculty_rev (employee_id, review, user_id, course_id, overall_rating, difficulty_rating, upvotes, downvotes, report_count, semester_period, student_thoughts, teaching_quality) VALUES (6,149,13,NULL,4,3,0,0,0,'','',4);
INSERT INTO user_faculty_rev (employee_id, review, user_id, course_id, overall_rating, difficulty_rating, upvotes, downvotes, report_count, semester_period, student_thoughts, teaching_quality) VALUES (9,150,13,NULL,1,4,0,0,0,'','',2);
INSERT INTO user_faculty_rev (employee_id, review, user_id, course_id, overall_rating, difficulty_rating, upvotes, downvotes, report_count, semester_period, student_thoughts, teaching_quality) VALUES (10,151,13,NULL,5,1,0,0,0,'','',5);
INSERT INTO user_faculty_rev (employee_id, review, user_id, course_id, overall_rating, difficulty_rating, upvotes, downvotes, report_count, semester_period, student_thoughts, teaching_quality) VALUES (13,152,13,NULL,3,3,0,0,0,'','',2);
INSERT INTO user_faculty_rev (employee_id, review, user_id, course_id, overall_rating, difficulty_rating, upvotes, downvotes, report_count, semester_period, student_thoughts, teaching_quality) VALUES (19,153,13,NULL,1,2,0,0,0,'','',1);
INSERT INTO user_faculty_rev (employee_id, review, user_id, course_id, overall_rating, difficulty_rating, upvotes, downvotes, report_count, semester_period, student_thoughts, teaching_quality) VALUES (22,154,13,NULL,4,2,0,0,0,'','',4);
INSERT INTO user_faculty_rev (employee_id, review, user_id, course_id, overall_rating, difficulty_rating, upvotes, downvotes, report_count, semester_period, student_thoughts, teaching_quality) VALUES (1,155,14,NULL,2,3,0,0,0,'','',1);
INSERT INTO user_faculty_rev (employee_id, review, user_id, course_id, overall_rating, difficulty_rating, upvotes, downvotes, report_count, semester_period, student_thoughts, teaching_quality) VALUES (5,156,14,NULL,5,4,0,0,0,'','',5);
INSERT INTO user_faculty_rev (employee_id, review, user_id, course_id, overall_rating, difficulty_rating, upvotes, downvotes, report_count, semester_period, student_thoughts, teaching_quality) VALUES (6,157,14,NULL,3,2,0,0,0,'','',3);
INSERT INTO user_faculty_rev (employee_id, review, user_id, course_id, overall_rating, difficulty_rating, upvotes, downvotes, report_count, semester_period, student_thoughts, teaching_quality) VALUES (7,158,14,NULL,4,3,0,0,0,'','',3);
INSERT INTO user_faculty_rev (employee_id, review, user_id, course_id, overall_rating, difficulty_rating, upvotes, downvotes, report_count, semester_period, student_thoughts, teaching_quality) VALUES (8,159,14,NULL,2,2,0,0,0,'','',1);
INSERT INTO user_faculty_rev (employee_id, review, user_id, course_id, overall_rating, difficulty_rating, upvotes, downvotes, report_count, semester_period, student_thoughts, teaching_quality) VALUES (9,160,14,NULL,4,5,0,0,0,'','',4);
INSERT INTO user_faculty_rev (employee_id, review, user_id, course_id, overall_rating, difficulty_rating, upvotes, downvotes, report_count, semester_period, student_thoughts, teaching_quality) VALUES (10,161,14,NULL,4,5,0,0,0,'','',4);
INSERT INTO user_faculty_rev (employee_id, review, user_id, course_id, overall_rating, difficulty_rating, upvotes, downvotes, report_count, semester_period, student_thoughts, teaching_quality) VALUES (11,162,14,NULL,5,2,0,0,0,'','',5);
INSERT INTO user_faculty_rev (employee_id, review, user_id, course_id, overall_rating, difficulty_rating, upvotes, downvotes, report_count, semester_period, student_thoughts, teaching_quality) VALUES (12,163,14,NULL,2,3,0,0,0,'','',1);
INSERT INTO user_faculty_rev (employee_id, review, user_id, course_id, overall_rating, difficulty_rating, upvotes, downvotes, report_count, semester_period, student_thoughts, teaching_quality) VALUES (13,164,14,NULL,4,3,0,0,0,'','',3);
INSERT INTO user_faculty_rev (employee_id, review, user_id, course_id, overall_rating, difficulty_rating, upvotes, downvotes, report_count, semester_period, student_thoughts, teaching_quality) VALUES (14,165,14,NULL,3,4,0,0,0,'','',3);
INSERT INTO user_faculty_rev (employee_id, review, user_id, course_id, overall_rating, difficulty_rating, upvotes, downvotes, report_count, semester_period, student_thoughts, teaching_quality) VALUES (15,166,14,NULL,4,3,0,0,0,'','',3);
INSERT INTO user_faculty_rev (employee_id, review, user_id, course_id, overall_rating, difficulty_rating, upvotes, downvotes, report_count, semester_period, student_thoughts, teaching_quality) VALUES (17,167,14,NULL,5,2,0,0,0,'','',5);
INSERT INTO user_faculty_rev (employee_id, review, user_id, course_id, overall_rating, difficulty_rating, upvotes, downvotes, report_count, semester_period, student_thoughts, teaching_quality) VALUES (18,168,14,NULL,1,3,0,0,0,'','',1);
INSERT INTO user_faculty_rev (employee_id, review, user_id, course_id, overall_rating, difficulty_rating, upvotes, downvotes, report_count, semester_period, student_thoughts, teaching_quality) VALUES (19,169,14,NULL,5,4,0,0,0,'','',5);
INSERT INTO user_faculty_rev (employee_id, review, user_id, course_id, overall_rating, difficulty_rating, upvotes, downvotes, report_count, semester_period, student_thoughts, teaching_quality) VALUES (22,170,14,NULL,4,4,0,0,0,'','',5);
INSERT INTO user_faculty_rev (employee_id, review, user_id, course_id, overall_rating, difficulty_rating, upvotes, downvotes, report_count, semester_period, student_thoughts, teaching_quality) VALUES (1,171,15,NULL,1,2,0,0,0,'','',1);
INSERT INTO user_faculty_rev (employee_id, review, user_id, course_id, overall_rating, difficulty_rating, upvotes, downvotes, report_count, semester_period, student_thoughts, teaching_quality) VALUES (5,172,15,NULL,3,5,0,0,0,'','',5);
INSERT INTO user_faculty_rev (employee_id, review, user_id, course_id, overall_rating, difficulty_rating, upvotes, downvotes, report_count, semester_period, student_thoughts, teaching_quality) VALUES (6,173,15,NULL,4,4,0,0,0,'','',3);
INSERT INTO user_faculty_rev (employee_id, review, user_id, course_id, overall_rating, difficulty_rating, upvotes, downvotes, report_count, semester_period, student_thoughts, teaching_quality) VALUES (7,174,15,NULL,4,3,0,0,0,'','',4);
INSERT INTO user_faculty_rev (employee_id, review, user_id, course_id, overall_rating, difficulty_rating, upvotes, downvotes, report_count, semester_period, student_thoughts, teaching_quality) VALUES (8,175,15,NULL,2,2,0,0,0,'','',2);
INSERT INTO user_faculty_rev (employee_id, review, user_id, course_id, overall_rating, difficulty_rating, upvotes, downvotes, report_count, semester_period, student_thoughts, teaching_quality) VALUES (9,176,15,NULL,4,5,0,0,0,'','',3);
INSERT INTO user_faculty_rev (employee_id, review, user_id, course_id, overall_rating, difficulty_rating, upvotes, downvotes, report_count, semester_period, student_thoughts, teaching_quality) VALUES (10,177,15,NULL,3,3,0,0,0,'','',4);
INSERT INTO user_faculty_rev (employee_id, review, user_id, course_id, overall_rating, difficulty_rating, upvotes, downvotes, report_count, semester_period, student_thoughts, teaching_quality) VALUES (11,178,15,NULL,5,3,0,0,0,'','',5);
INSERT INTO user_faculty_rev (employee_id, review, user_id, course_id, overall_rating, difficulty_rating, upvotes, downvotes, report_count, semester_period, student_thoughts, teaching_quality) VALUES (12,179,15,NULL,3,4,0,0,0,'','',3);
INSERT INTO user_faculty_rev (employee_id, review, user_id, course_id, overall_rating, difficulty_rating, upvotes, downvotes, report_count, semester_period, student_thoughts, teaching_quality) VALUES (13,180,15,NULL,5,4,0,0,0,'','',5);
INSERT INTO user_faculty_rev (employee_id, review, user_id, course_id, overall_rating, difficulty_rating, upvotes, downvotes, report_count, semester_period, student_thoughts, teaching_quality) VALUES (14,181,15,NULL,4,5,0,0,0,'','',4);
INSERT INTO user_faculty_rev (employee_id, review, user_id, course_id, overall_rating, difficulty_rating, upvotes, downvotes, report_count, semester_period, student_thoughts, teaching_quality) VALUES (15,182,15,NULL,4,4,0,0,0,'','',4);
INSERT INTO user_faculty_rev (employee_id, review, user_id, course_id, overall_rating, difficulty_rating, upvotes, downvotes, report_count, semester_period, student_thoughts, teaching_quality) VALUES (17,183,15,NULL,5,3,0,0,0,'','',5);
INSERT INTO user_faculty_rev (employee_id, review, user_id, course_id, overall_rating, difficulty_rating, upvotes, downvotes, report_count, semester_period, student_thoughts, teaching_quality) VALUES (18,184,15,NULL,3,3,0,0,0,'','',1);
INSERT INTO user_faculty_rev (employee_id, review, user_id, course_id, overall_rating, difficulty_rating, upvotes, downvotes, report_count, semester_period, student_thoughts, teaching_quality) VALUES (19,185,15,NULL,5,4,0,0,0,'','',5);
INSERT INTO user_faculty_rev (employee_id, review, user_id, course_id, overall_rating, difficulty_rating, upvotes, downvotes, report_count, semester_period, student_thoughts, teaching_quality) VALUES (22,186,15,NULL,4,4,0,0,0,'','',4);
INSERT INTO user_faculty_rev (employee_id, review, user_id, course_id, overall_rating, difficulty_rating, upvotes, downvotes, report_count, semester_period, student_thoughts, teaching_quality) VALUES (1,187,16,NULL,1,3,0,0,0,'','',1);
INSERT INTO user_faculty_rev (employee_id, review, user_id, course_id, overall_rating, difficulty_rating, upvotes, downvotes, report_count, semester_period, student_thoughts, teaching_quality) VALUES (5,188,16,NULL,4,4,0,0,0,'','',4);
INSERT INTO user_faculty_rev (employee_id, review, user_id, course_id, overall_rating, difficulty_rating, upvotes, downvotes, report_count, semester_period, student_thoughts, teaching_quality) VALUES (6,189,16,NULL,4,3,0,0,0,'','',4);
INSERT INTO user_faculty_rev (employee_id, review, user_id, course_id, overall_rating, difficulty_rating, upvotes, downvotes, report_count, semester_period, student_thoughts, teaching_quality) VALUES (7,190,16,NULL,3,3,0,0,0,'','',3);
INSERT INTO user_faculty_rev (employee_id, review, user_id, course_id, overall_rating, difficulty_rating, upvotes, downvotes, report_count, semester_period, student_thoughts, teaching_quality) VALUES (8,191,16,NULL,2,2,0,0,0,'','',2);
INSERT INTO user_faculty_rev (employee_id, review, user_id, course_id, overall_rating, difficulty_rating, upvotes, downvotes, report_count, semester_period, student_thoughts, teaching_quality) VALUES (9,192,16,NULL,2,2,0,0,0,'','',3);
INSERT INTO user_faculty_rev (employee_id, review, user_id, course_id, overall_rating, difficulty_rating, upvotes, downvotes, report_count, semester_period, student_thoughts, teaching_quality) VALUES (10,193,16,NULL,3,5,0,0,0,'','',3);
INSERT INTO user_faculty_rev (employee_id, review, user_id, course_id, overall_rating, difficulty_rating, upvotes, downvotes, report_count, semester_period, student_thoughts, teaching_quality) VALUES (11,194,16,NULL,5,4,0,0,0,'','',5);
INSERT INTO user_faculty_rev (employee_id, review, user_id, course_id, overall_rating, difficulty_rating, upvotes, downvotes, report_count, semester_period, student_thoughts, teaching_quality) VALUES (12,195,16,NULL,2,3,0,0,0,'','',2);
INSERT INTO user_faculty_rev (employee_id, review, user_id, course_id, overall_rating, difficulty_rating, upvotes, downvotes, report_count, semester_period, student_thoughts, teaching_quality) VALUES (13,196,16,NULL,3,3,0,0,0,'','',4);
INSERT INTO user_faculty_rev (employee_id, review, user_id, course_id, overall_rating, difficulty_rating, upvotes, downvotes, report_count, semester_period, student_thoughts, teaching_quality) VALUES (14,197,16,NULL,3,3,0,0,0,'','',3);
INSERT INTO user_faculty_rev (employee_id, review, user_id, course_id, overall_rating, difficulty_rating, upvotes, downvotes, report_count, semester_period, student_thoughts, teaching_quality) VALUES (15,198,16,NULL,4,4,0,0,0,'','',4);
INSERT INTO user_faculty_rev (employee_id, review, user_id, course_id, overall_rating, difficulty_rating, upvotes, downvotes, report_count, semester_period, student_thoughts, teaching_quality) VALUES (17,199,16,NULL,4,3,0,0,0,'','',4);
INSERT INTO user_faculty_rev (employee_id, review, user_id, course_id, overall_rating, difficulty_rating, upvotes, downvotes, report_count, semester_period, student_thoughts, teaching_quality) VALUES (18,200,16,NULL,1,4,0,0,0,'','',2);
INSERT INTO user_faculty_rev (employee_id, review, user_id, course_id, overall_rating, difficulty_rating, upvotes, downvotes, report_count, semester_period, student_thoughts, teaching_quality) VALUES (19,201,16,NULL,5,3,0,0,0,'','',5);
INSERT INTO user_faculty_rev (employee_id, review, user_id, course_id, overall_rating, difficulty_rating, upvotes, downvotes, report_count, semester_period, student_thoughts, teaching_quality) VALUES (22,202,16,NULL,4,3,0,0,0,'','',4);
INSERT INTO user_faculty_rev (employee_id, review, user_id, course_id, overall_rating, difficulty_rating, upvotes, downvotes, report_count, semester_period, student_thoughts, teaching_quality) VALUES (5,203,17,NULL,3,5,0,0,0,'','',3);
INSERT INTO user_faculty_rev (employee_id, review, user_id, course_id, overall_rating, difficulty_rating, upvotes, downvotes, report_count, semester_period, student_thoughts, teaching_quality) VALUES (6,204,17,NULL,5,4,0,0,0,'','',5);
INSERT INTO user_faculty_rev (employee_id, review, user_id, course_id, overall_rating, difficulty_rating, upvotes, downvotes, report_count, semester_period, student_thoughts, teaching_quality) VALUES (7,205,17,NULL,5,3,0,0,0,'','',5);
INSERT INTO user_faculty_rev (employee_id, review, user_id, course_id, overall_rating, difficulty_rating, upvotes, downvotes, report_count, semester_period, student_thoughts, teaching_quality) VALUES (8,206,17,NULL,2,5,0,0,0,'','',2);
INSERT INTO user_faculty_rev (employee_id, review, user_id, course_id, overall_rating, difficulty_rating, upvotes, downvotes, report_count, semester_period, student_thoughts, teaching_quality) VALUES (9,207,17,NULL,2,5,0,0,0,'','',3);
INSERT INTO user_faculty_rev (employee_id, review, user_id, course_id, overall_rating, difficulty_rating, upvotes, downvotes, report_count, semester_period, student_thoughts, teaching_quality) VALUES (13,208,17,NULL,3,3,0,0,0,'','',1);
INSERT INTO user_faculty_rev (employee_id, review, user_id, course_id, overall_rating, difficulty_rating, upvotes, downvotes, report_count, semester_period, student_thoughts, teaching_quality) VALUES (14,209,17,NULL,5,4,0,0,0,'','',5);
INSERT INTO user_faculty_rev (employee_id, review, user_id, course_id, overall_rating, difficulty_rating, upvotes, downvotes, report_count, semester_period, student_thoughts, teaching_quality) VALUES (15,210,17,NULL,5,4,0,0,0,'','',5);
INSERT INTO user_faculty_rev (employee_id, review, user_id, course_id, overall_rating, difficulty_rating, upvotes, downvotes, report_count, semester_period, student_thoughts, teaching_quality) VALUES (17,211,17,NULL,5,4,0,0,0,'','',5);
INSERT INTO user_faculty_rev (employee_id, review, user_id, course_id, overall_rating, difficulty_rating, upvotes, downvotes, report_count, semester_period, student_thoughts, teaching_quality) VALUES (1,212,18,NULL,3,4,0,0,0,'','',3);
INSERT INTO user_faculty_rev (employee_id, review, user_id, course_id, overall_rating, difficulty_rating, upvotes, downvotes, report_count, semester_period, student_thoughts, teaching_quality) VALUES (5,213,18,NULL,4,5,0,0,0,'','',5);
INSERT INTO user_faculty_rev (employee_id, review, user_id, course_id, overall_rating, difficulty_rating, upvotes, downvotes, report_count, semester_period, student_thoughts, teaching_quality) VALUES (6,214,18,NULL,4,3,0,0,0,'','',4);
INSERT INTO user_faculty_rev (employee_id, review, user_id, course_id, overall_rating, difficulty_rating, upvotes, downvotes, report_count, semester_period, student_thoughts, teaching_quality) VALUES (7,215,18,NULL,3,2,0,0,0,'','',2);
INSERT INTO user_faculty_rev (employee_id, review, user_id, course_id, overall_rating, difficulty_rating, upvotes, downvotes, report_count, semester_period, student_thoughts, teaching_quality) VALUES (9,216,18,NULL,2,3,0,0,0,'','',2);
INSERT INTO user_faculty_rev (employee_id, review, user_id, course_id, overall_rating, difficulty_rating, upvotes, downvotes, report_count, semester_period, student_thoughts, teaching_quality) VALUES (10,217,18,NULL,5,4,0,0,0,'','',5);
INSERT INTO user_faculty_rev (employee_id, review, user_id, course_id, overall_rating, difficulty_rating, upvotes, downvotes, report_count, semester_period, student_thoughts, teaching_quality) VALUES (13,218,18,NULL,3,4,0,0,0,'','',2);
INSERT INTO user_faculty_rev (employee_id, review, user_id, course_id, overall_rating, difficulty_rating, upvotes, downvotes, report_count, semester_period, student_thoughts, teaching_quality) VALUES (14,219,18,NULL,5,4,0,0,0,'','',5);
INSERT INTO user_faculty_rev (employee_id, review, user_id, course_id, overall_rating, difficulty_rating, upvotes, downvotes, report_count, semester_period, student_thoughts, teaching_quality) VALUES (15,220,18,NULL,4,1,0,0,0,'','',3);
INSERT INTO user_faculty_rev (employee_id, review, user_id, course_id, overall_rating, difficulty_rating, upvotes, downvotes, report_count, semester_period, student_thoughts, teaching_quality) VALUES (19,221,18,NULL,4,5,0,0,0,'','',4);
INSERT INTO user_faculty_rev (employee_id, review, user_id, course_id, overall_rating, difficulty_rating, upvotes, downvotes, report_count, semester_period, student_thoughts, teaching_quality) VALUES (22,222,18,NULL,3,4,0,0,0,'','',3);
INSERT INTO user_faculty_rev (employee_id, review, user_id, course_id, overall_rating, difficulty_rating, upvotes, downvotes, report_count, semester_period, student_thoughts, teaching_quality) VALUES (1,223,19,NULL,4,2,0,0,0,'','',3);
INSERT INTO user_faculty_rev (employee_id, review, user_id, course_id, overall_rating, difficulty_rating, upvotes, downvotes, report_count, semester_period, student_thoughts, teaching_quality) VALUES (5,224,19,NULL,5,2,0,0,0,'','',5);
INSERT INTO user_faculty_rev (employee_id, review, user_id, course_id, overall_rating, difficulty_rating, upvotes, downvotes, report_count, semester_period, student_thoughts, teaching_quality) VALUES (9,225,19,NULL,2,5,0,0,0,'','',2);
INSERT INTO user_faculty_rev (employee_id, review, user_id, course_id, overall_rating, difficulty_rating, upvotes, downvotes, report_count, semester_period, student_thoughts, teaching_quality) VALUES (10,226,19,NULL,3,4,0,0,0,'','',3);
INSERT INTO user_faculty_rev (employee_id, review, user_id, course_id, overall_rating, difficulty_rating, upvotes, downvotes, report_count, semester_period, student_thoughts, teaching_quality) VALUES (13,227,19,NULL,1,3,0,0,0,'','',1);
INSERT INTO user_faculty_rev (employee_id, review, user_id, course_id, overall_rating, difficulty_rating, upvotes, downvotes, report_count, semester_period, student_thoughts, teaching_quality) VALUES (14,228,19,NULL,5,2,0,0,0,'','',5);
INSERT INTO user_faculty_rev (employee_id, review, user_id, course_id, overall_rating, difficulty_rating, upvotes, downvotes, report_count, semester_period, student_thoughts, teaching_quality) VALUES (19,229,19,NULL,4,3,0,0,0,'','',4);
INSERT INTO user_faculty_rev (employee_id, review, user_id, course_id, overall_rating, difficulty_rating, upvotes, downvotes, report_count, semester_period, student_thoughts, teaching_quality) VALUES (22,230,19,NULL,4,2,0,0,0,'','',5);
INSERT INTO user_faculty_rev (employee_id, review, user_id, course_id, overall_rating, difficulty_rating, upvotes, downvotes, report_count, semester_period, student_thoughts, teaching_quality) VALUES (6,231,20,NULL,5,4,0,0,0,'','',5);
INSERT INTO user_faculty_rev (employee_id, review, user_id, course_id, overall_rating, difficulty_rating, upvotes, downvotes, report_count, semester_period, student_thoughts, teaching_quality) VALUES (18,232,20,NULL,4,4,0,0,0,'','',4);
INSERT INTO user_faculty_rev (employee_id, review, user_id, course_id, overall_rating, difficulty_rating, upvotes, downvotes, report_count, semester_period, student_thoughts, teaching_quality) VALUES (5,233,21,NULL,3,4,0,0,0,'','',5);
INSERT INTO user_faculty_rev (employee_id, review, user_id, course_id, overall_rating, difficulty_rating, upvotes, downvotes, report_count, semester_period, student_thoughts, teaching_quality) VALUES (6,234,21,NULL,3,4,0,0,0,'','',3);
INSERT INTO user_faculty_rev (employee_id, review, user_id, course_id, overall_rating, difficulty_rating, upvotes, downvotes, report_count, semester_period, student_thoughts, teaching_quality) VALUES (15,235,21,NULL,4,5,0,0,0,'','',5);
INSERT INTO user_faculty_rev (employee_id, review, user_id, course_id, overall_rating, difficulty_rating, upvotes, downvotes, report_count, semester_period, student_thoughts, teaching_quality) VALUES (5,236,22,NULL,5,5,0,0,0,'','',5);
INSERT INTO user_faculty_rev (employee_id, review, user_id, course_id, overall_rating, difficulty_rating, upvotes, downvotes, report_count, semester_period, student_thoughts, teaching_quality) VALUES (8,237,22,NULL,1,1,0,0,0,'','',1);
INSERT INTO user_faculty_rev (employee_id, review, user_id, course_id, overall_rating, difficulty_rating, upvotes, downvotes, report_count, semester_period, student_thoughts, teaching_quality) VALUES (10,238,22,NULL,4,3,0,0,0,'','',3);
INSERT INTO user_faculty_rev (employee_id, review, user_id, course_id, overall_rating, difficulty_rating, upvotes, downvotes, report_count, semester_period, student_thoughts, teaching_quality) VALUES (14,239,22,NULL,1,2,0,0,0,'','',5);
INSERT INTO user_faculty_rev (employee_id, review, user_id, course_id, overall_rating, difficulty_rating, upvotes, downvotes, report_count, semester_period, student_thoughts, teaching_quality) VALUES (5,240,23,NULL,5,3,0,0,0,'','',5);
INSERT INTO user_faculty_rev (employee_id, review, user_id, course_id, overall_rating, difficulty_rating, upvotes, downvotes, report_count, semester_period, student_thoughts, teaching_quality) VALUES (6,241,23,NULL,4,4,0,0,0,'','',4);
INSERT INTO user_faculty_rev (employee_id, review, user_id, course_id, overall_rating, difficulty_rating, upvotes, downvotes, report_count, semester_period, student_thoughts, teaching_quality) VALUES (8,242,23,NULL,4,4,0,0,0,'','',4);
INSERT INTO user_faculty_rev (employee_id, review, user_id, course_id, overall_rating, difficulty_rating, upvotes, downvotes, report_count, semester_period, student_thoughts, teaching_quality) VALUES (10,243,23,NULL,4,4,0,0,0,'','',4);
INSERT INTO user_faculty_rev (employee_id, review, user_id, course_id, overall_rating, difficulty_rating, upvotes, downvotes, report_count, semester_period, student_thoughts, teaching_quality) VALUES (15,244,23,NULL,4,4,0,0,0,'','',4);
INSERT INTO user_faculty_rev (employee_id, review, user_id, course_id, overall_rating, difficulty_rating, upvotes, downvotes, report_count, semester_period, student_thoughts, teaching_quality) VALUES (1,245,24,NULL,5,3,0,0,0,'','',5);
INSERT INTO user_faculty_rev (employee_id, review, user_id, course_id, overall_rating, difficulty_rating, upvotes, downvotes, report_count, semester_period, student_thoughts, teaching_quality) VALUES (5,246,24,NULL,4,4,0,0,0,'','',3);
INSERT INTO user_faculty_rev (employee_id, review, user_id, course_id, overall_rating, difficulty_rating, upvotes, downvotes, report_count, semester_period, student_thoughts, teaching_quality) VALUES (13,247,24,NULL,2,5,0,0,0,'','',2);
INSERT INTO user_faculty_rev (employee_id, review, user_id, course_id, overall_rating, difficulty_rating, upvotes, downvotes, report_count, semester_period, student_thoughts, teaching_quality) VALUES (15,248,24,NULL,5,2,0,0,0,'','',4);
INSERT INTO user_faculty_rev (employee_id, review, user_id, course_id, overall_rating, difficulty_rating, upvotes, downvotes, report_count, semester_period, student_thoughts, teaching_quality) VALUES (19,249,24,NULL,4,5,0,0,0,'','',3);
INSERT INTO user_faculty_rev (employee_id, review, user_id, course_id, overall_rating, difficulty_rating, upvotes, downvotes, report_count, semester_period, student_thoughts, teaching_quality) VALUES (5,250,25,NULL,5,5,0,0,0,'','',5);
INSERT INTO user_faculty_rev (employee_id, review, user_id, course_id, overall_rating, difficulty_rating, upvotes, downvotes, report_count, semester_period, student_thoughts, teaching_quality) VALUES (8,251,25,NULL,1,1,0,0,0,'','',1);
INSERT INTO user_faculty_rev (employee_id, review, user_id, course_id, overall_rating, difficulty_rating, upvotes, downvotes, report_count, semester_period, student_thoughts, teaching_quality) VALUES (5,252,26,NULL,3,4,0,0,0,'','',4);
INSERT INTO user_faculty_rev (employee_id, review, user_id, course_id, overall_rating, difficulty_rating, upvotes, downvotes, report_count, semester_period, student_thoughts, teaching_quality) VALUES (13,253,26,NULL,1,5,0,0,0,'','',1);
INSERT INTO user_faculty_rev (employee_id, review, user_id, course_id, overall_rating, difficulty_rating, upvotes, downvotes, report_count, semester_period, student_thoughts, teaching_quality) VALUES (14,254,26,NULL,3,3,0,0,0,'','',3);
INSERT INTO user_faculty_rev (employee_id, review, user_id, course_id, overall_rating, difficulty_rating, upvotes, downvotes, report_count, semester_period, student_thoughts, teaching_quality) VALUES (15,255,26,NULL,5,3,0,0,0,'','',5);
INSERT INTO user_faculty_rev (employee_id, review, user_id, course_id, overall_rating, difficulty_rating, upvotes, downvotes, report_count, semester_period, student_thoughts, teaching_quality) VALUES (1,256,27,NULL,2,2,0,0,0,'','',1);
INSERT INTO user_faculty_rev (employee_id, review, user_id, course_id, overall_rating, difficulty_rating, upvotes, downvotes, report_count, semester_period, student_thoughts, teaching_quality) VALUES (5,257,27,NULL,5,4,0,0,0,'','',4);
INSERT INTO user_faculty_rev (employee_id, review, user_id, course_id, overall_rating, difficulty_rating, upvotes, downvotes, report_count, semester_period, student_thoughts, teaching_quality) VALUES (6,258,27,NULL,3,3,0,0,0,'','',3);
INSERT INTO user_faculty_rev (employee_id, review, user_id, course_id, overall_rating, difficulty_rating, upvotes, downvotes, report_count, semester_period, student_thoughts, teaching_quality) VALUES (7,259,27,NULL,4,3,0,0,0,'','',4);
INSERT INTO user_faculty_rev (employee_id, review, user_id, course_id, overall_rating, difficulty_rating, upvotes, downvotes, report_count, semester_period, student_thoughts, teaching_quality) VALUES (8,260,27,NULL,3,2,0,0,0,'','',2);
INSERT INTO user_faculty_rev (employee_id, review, user_id, course_id, overall_rating, difficulty_rating, upvotes, downvotes, report_count, semester_period, student_thoughts, teaching_quality) VALUES (9,261,27,NULL,3,4,0,0,0,'','',3);
INSERT INTO user_faculty_rev (employee_id, review, user_id, course_id, overall_rating, difficulty_rating, upvotes, downvotes, report_count, semester_period, student_thoughts, teaching_quality) VALUES (10,262,27,NULL,4,4,0,0,0,'','',5);
INSERT INTO user_faculty_rev (employee_id, review, user_id, course_id, overall_rating, difficulty_rating, upvotes, downvotes, report_count, semester_period, student_thoughts, teaching_quality) VALUES (11,263,27,NULL,4,4,0,0,0,'','',5);
INSERT INTO user_faculty_rev (employee_id, review, user_id, course_id, overall_rating, difficulty_rating, upvotes, downvotes, report_count, semester_period, student_thoughts, teaching_quality) VALUES (12,264,27,NULL,2,4,0,0,0,'','',2);
INSERT INTO user_faculty_rev (employee_id, review, user_id, course_id, overall_rating, difficulty_rating, upvotes, downvotes, report_count, semester_period, student_thoughts, teaching_quality) VALUES (13,265,27,NULL,3,3,0,0,0,'','',4);
INSERT INTO user_faculty_rev (employee_id, review, user_id, course_id, overall_rating, difficulty_rating, upvotes, downvotes, report_count, semester_period, student_thoughts, teaching_quality) VALUES (14,266,27,NULL,3,5,0,0,0,'','',4);
INSERT INTO user_faculty_rev (employee_id, review, user_id, course_id, overall_rating, difficulty_rating, upvotes, downvotes, report_count, semester_period, student_thoughts, teaching_quality) VALUES (15,267,27,NULL,4,3,0,0,0,'','',4);
INSERT INTO user_faculty_rev (employee_id, review, user_id, course_id, overall_rating, difficulty_rating, upvotes, downvotes, report_count, semester_period, student_thoughts, teaching_quality) VALUES (17,268,27,NULL,5,3,0,0,0,'','',5);
INSERT INTO user_faculty_rev (employee_id, review, user_id, course_id, overall_rating, difficulty_rating, upvotes, downvotes, report_count, semester_period, student_thoughts, teaching_quality) VALUES (18,269,27,NULL,1,4,0,0,0,'','',1);
INSERT INTO user_faculty_rev (employee_id, review, user_id, course_id, overall_rating, difficulty_rating, upvotes, downvotes, report_count, semester_period, student_thoughts, teaching_quality) VALUES (19,270,27,NULL,5,4,0,0,0,'','',4);
INSERT INTO user_faculty_rev (employee_id, review, user_id, course_id, overall_rating, difficulty_rating, upvotes, downvotes, report_count, semester_period, student_thoughts, teaching_quality) VALUES (22,271,27,NULL,4,4,0,0,0,'','',4);
INSERT INTO user_faculty_rev (employee_id, review, user_id, course_id, overall_rating, difficulty_rating, upvotes, downvotes, report_count, semester_period, student_thoughts, teaching_quality) VALUES (19,272,28,NULL,4,3,0,0,0,'','Inspires me to be better!',5);
INSERT INTO user_faculty_rev (employee_id, review, user_id, course_id, overall_rating, difficulty_rating, upvotes, downvotes, report_count, semester_period, student_thoughts, teaching_quality) VALUES (19,273,28,NULL,5,4,0,0,0,'','Be discipline and pay attention during his lectures. He is more than happy to help if you reach out. Very supportive',5);
INSERT INTO user_faculty_rev (employee_id, review, user_id, course_id, overall_rating, difficulty_rating, upvotes, downvotes, report_count, semester_period, student_thoughts, teaching_quality) VALUES (5,274,28,NULL,4,3,0,0,0,'','Great lecturer!',4);
INSERT INTO user_faculty_rev (employee_id, review, user_id, course_id, overall_rating, difficulty_rating, upvotes, downvotes, report_count, semester_period, student_thoughts, teaching_quality) VALUES (11,275,28,NULL,3,3,0,0,0,'','Great lecturer',5);
INSERT INTO user_faculty_rev (employee_id, review, user_id, course_id, overall_rating, difficulty_rating, upvotes, downvotes, report_count, semester_period, student_thoughts, teaching_quality) VALUES (113,276,28,NULL,4,4,0,0,0,'','Great ......',5);
INSERT INTO user_faculty_rev (employee_id, review, user_id, course_id, overall_rating, difficulty_rating, upvotes, downvotes, report_count, semester_period, student_thoughts, teaching_quality) VALUES (17,277,28,NULL,4,2,0,0,0,'','I love Ulna ....',5);
INSERT INTO user_faculty_rev (employee_id, review, user_id, course_id, overall_rating, difficulty_rating, upvotes, downvotes, report_count, semester_period, student_thoughts, teaching_quality) VALUES (14,278,28,NULL,4,4,0,0,0,'','Passionate',3);

DELETE FROM django_site;
INSERT INTO django_site VALUES (1,'ratezone.io','Ratezone');

INSERT INTO socialaccount_socialapp VALUES (1,'google','Ratezone','964541019607-hq3ljmar04nl1m251jhnm4li2dl31ivq.apps.googleusercontent.com','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','');

INSERT INTO socialaccount_socialapp_sites VALUES (1,1,1);

INSERT INTO socialaccount_socialaccount VALUES (1,'google','114028698197103353397','2022-04-17 08:04:19.605368','2022-04-16 21:39:21.220571','{\"id\": \"114028698197103353397\", \"email\": \"selman.mohamad@cs.ku.edu.kw\", \"verified_email\": true, \"name\": \"MOHAMAD SELMAN\", \"given_name\": \"MOHAMAD  \", \"family_name\": \"SELMAN\", \"picture\": \"https://lh3.googleusercontent.com/a/AATXAJxZRKQO-o0XiBOPxvsuV6yRenh4m9axuEdxkYZX=s96-c\", \"locale\": \"en\", \"hd\": \"cs.ku.edu.kw\"}',32),(2,'google','107916205562970477646','2022-04-17 08:08:06.397911','2022-04-17 08:08:06.397941','{\"id\": \"107916205562970477646\", \"email\": \"mo7amadsalman2012@gmail.com\", \"verified_email\": true, \"name\": \"Mohamad Salman\", \"given_name\": \"Mohamad\", \"family_name\": \"Salman\", \"picture\": \"https://lh3.googleusercontent.com/a-/AOh14GgZi0oHPCiDaGGTmtXkg5sASpaPqupomMGzGbJ_9Q=s96-c\", \"locale\": \"en\"}',33);

INSERT INTO account_emailaddress VALUES (1,'selman.mohamad@cs.ku.edu.kw',1,1,32),(2,'mo7amadsalman2012@gmail.com',1,1,33);
